Дата	Номер	Контрагент	Сумма	ПП создано	Статус оплаты	Оплата	Поступление	Дата входящего документа	Номер входящего документа	Комментарий	Номенклатура	Количество	Номенклатура.Единица	Цена	Сумма	% НДС	НДС	Всего	Доп информация
09.01.2023 17:14:39	0000-000001	ООО "ГЕРМЕС"	4 864,50	Нет	Не оплачен	Не оплачен	Не получен	09.01.2023	6	160	Доборный элемент (ед.изм. м2) 2500*120*0.5 Полиэстер (7047)	0,900	м2	791,67	712,50	20%	142,50	855
09.01.2023 17:14:39	0000-000001	ООО "ГЕРМЕС"	4 864,50	Нет	Не оплачен	Не оплачен	Не получен	09.01.2023	6	160	Доборный элемент (ед.изм. м2) 2500*198*0.5 Полиэстер (7024)	4,455	м2	750,00	3 341,25	20%	668,25	4 009,5
09.01.2023 17:14:40	0000-000002	ООО "ВСЕИНСТРУМЕНТЫ.РУ"	4 792,00	Нет	Оплачен полностью	Не оплачен	Не получен	09.01.2023	2301-100101-53975	160	MATRIX Хвостовик 6-гранный для коронок BIMETAL свыше 30 мм// 72496	2,000	шт	255,00	510,00	20%	102,00	612
09.01.2023 17:14:40	0000-000002	ООО "ВСЕИНСТРУМЕНТЫ.РУ"	4 792,00	Нет	Оплачен полностью	Не оплачен	Не получен	09.01.2023	2301-100101-53975	160	ODIHEL Аэрозоль эмаль алкидная RAL7024 Серый графит полуматовый (520мл) RAL7024ASM	2,000	шт	275,84	551,67	20%	110,33	662
09.01.2023 17:14:40	0000-000002	ООО "ВСЕИНСТРУМЕНТЫ.РУ"	4 792,00	Нет	Оплачен полностью	Не оплачен	Не получен	09.01.2023	2301-100101-53975	160	Pilorama Коронка Bi-Metall 8Со. 162мм 570162	2,000	шт	1 465,84	2 931,67	20%	586,33	3 518
09.01.2023 17:14:40	0000-000003	Металл-ДК ООО	5 850,00	Нет	Не оплачен	Не оплачен	Не получен	09.01.2023	МД000000131	160	Уголок L 50x4	30,000	м	162,50	4 875,00	20%	975,00	5 850
09.01.2023 17:14:40	0000-000004	Деловые Линии ООО	4 099,00	Нет	Не оплачен	Не оплачен	Не получен	09.01.2023	22-03971042918	160	Информирование о статусе и местонахождении груза	1,000	шт	12,50	12,50	20%	2,50	15
09.01.2023 17:14:40	0000-000004	Деловые Линии ООО	4 099,00	Нет	Не оплачен	Не оплачен	Не получен	09.01.2023	22-03971042918	160	Страхование груза и срока	1,000	шт	415,00	415,00	Без НДС		415
09.01.2023 17:14:40	0000-000004	Деловые Линии ООО	4 099,00	Нет	Не оплачен	Не оплачен	Не получен	09.01.2023	22-03971042918	160	Услуга по организации доставки (экспедированию) груза из г. Пушкин в г. Москва (мест: 6; 91 кг; 0,66	1,000	шт	1 907,50	1 907,50	20%	381,50	2 289
09.01.2023 17:14:40	0000-000004	Деловые Линии ООО	4 099,00	Нет	Не оплачен	Не оплачен	Не получен	09.01.2023	22-03971042918	160	Услуга по организации доставки (экспедированию) груза по г. Москва	1,000	шт	1 150,00	1 150,00	20%	230,00	1 380
09.01.2023 17:38:09	0000-000005	ООО "ВЕСТПЕРЕЕЗД"	13 500,00	Нет	Не оплачен	Не оплачен	Не получен	09.01.2023	20	140	Аренда контейнере 2D фут. за январь 2023г.	1,000		11 250,00	11 250,00	20%	2 250,00	13 500
09.01.2023 17:38:09	0000-000006	ООО "ВЕСТПЕРЕЕЗД"	10 800,00	Нет	Оплачен полностью	Не оплачен	Не получен	09.01.2023	21	160	Аренда контейнера 20 фут. за январь 2023г.	1,000		9 000,00	9 000,00	20%	1 800,00	10 800
10.01.2023 16:46:34	0000-000007	Металл-ДК ООО	6 900,00	Нет	Не оплачен	Не оплачен	Не получен	10.01.2023	МД000000164	160	Уголок L 25x3	60,000	м	95,83	5 750,00	20%	1 150,00	6 900
10.01.2023 16:46:34	0000-000008	Пластик-Север ООО	9 232,00	Нет	Не оплачен	Не оплачен	Не получен	10.01.2023	101	160	Бурт (втулка) под фланец ПВХ 110 под клей, Hidroten, Испания 1010134	4,000	шт	330,83	1 323,33	20%	264,67	1 588
10.01.2023 16:46:34	0000-000008	Пластик-Север ООО	9 232,00	Нет	Не оплачен	Не оплачен	Не получен	10.01.2023	101	160	Герметик силиконовый, универе., прозрачный, 280мл, TYTAN Professional	4,000	шт	456,67	1 826,67	20%	365,33	2 192
10.01.2023 16:46:34	0000-000008	Пластик-Север ООО	9 232,00	Нет	Не оплачен	Не оплачен	Не получен	10.01.2023	101	160	Муфта ПВХ разб. с внутр.резьб. 63x2" под клей, Hidroten, Испания 1002033	5,000	шт	372,50	1 862,50	20%	372,50	2 235
10.01.2023 16:46:34	0000-000008	Пластик-Север ООО	9 232,00	Нет	Не оплачен	Не оплачен	Не получен	10.01.2023	101	160	Муфта ПВХ разб. с нар.резьб. 63x2" под клей, Hidroten, Испания 1002078	3,000	шт	322,50	967,50	20%	193,50	1 161
10.01.2023 16:46:34	0000-000008	Пластик-Север ООО	9 232,00	Нет	Не оплачен	Не оплачен	Не получен	10.01.2023	101	160	Фланец ПВХ 110 Hidroten, Испания 1010029	4,000	шт	428,33	1 713,33	20%	342,67	2 056
10.01.2023 17:46:19	0000-000010	ЭКС ООО	4 819,55	Нет	Не оплачен	Не оплачен	Не получен	10.01.2023	Р23-307	160.162	Выключатель автоматический однополюсный 6А С ВА47-29 4.5кА - MVA20-1-006-C	5,000	шт	109,96	549,79	20%	109,96	659,75
10.01.2023 17:46:19	0000-000010	ЭКС ООО	4 819,55	Нет	Не оплачен	Не оплачен	Не получен	10.01.2023	Р23-307	160.162	Контакт состояния КС47 новая серия на DIN -рейку - MVA01D-KS-1 ЗАМЕНА	3,000	шт	492,17	1 476,50	20%	295,30	1 771,8
10.01.2023 17:46:19	0000-000010	ЭКС ООО	4 819,55	Нет	Не оплачен	Не оплачен	Не получен	10.01.2023	Р23-307	160.162	Наконечник штыревой НШВИ 0.5-8 КВТ 79435	500,000	шт	0,30	150,00	20%	30,00	180
10.01.2023 17:46:19	0000-000010	ЭКС ООО	4 819,55	Нет	Не оплачен	Не оплачен	Не получен	10.01.2023	Р23-307	160.162	Провод ПуГВ 1x1 Ч 450/750В (бухта) (м)	200,000	м	9,20	1 840,00	20%	368,00	2 208
11.01.2023 17:41:22	0000-000011	ООО "ТАНТАЛ-4"	10 375,00	Нет	Оплачен полностью	Не оплачен	Не получен	11.01.2023	61	160	Аквест- 911 огнезащитная краска по металлу 25 кг	1,000		8 645,83	8 645,83	20%	1 729,17	10 375
11.01.2023 17:41:22	0000-000012	Пластик-Север ООО	9 723,00	Нет	Оплачен полностью	Не оплачен	Не получен	11.01.2023	191	160	Держатель стальной для труб (Дн 38... 44,мм) 1 1/4" с сантехшпилькой (М8)	16,000	шт	53,33	853,33	20%	170,67	1 024
11.01.2023 17:41:22	0000-000012	Пластик-Север ООО	9 723,00	Нет	Оплачен полностью	Не оплачен	Не получен	11.01.2023	191	160	Муфта ПВХ разб. с нар.резьб. 32x1" под клей, Hidroten, Испания 1002075	2,000	шт	148,34	296,67	20%	59,33	356
11.01.2023 17:41:22	0000-000012	Пластик-Север ООО	9 723,00	Нет	Оплачен полностью	Не оплачен	Не получен	11.01.2023	191	160	Ниппель двойной 50(2") оцинков.	4,000	шт	228,33	913,33	20%	182,67	1 096
11.01.2023 17:41:22	0000-000012	Пластик-Север ООО	9 723,00	Нет	Оплачен полностью	Не оплачен	Не получен	11.01.2023	191	160	Труба ПВХ 160 х 7,7мм (1,3 МПа) SDR 21 напор.с растр.под клей, L=3 м	1,000	шт	5 075,83	5 075,83	20%	1 015,17	6 091
11.01.2023 17:41:22	0000-000012	Пластик-Север ООО	9 723,00	Нет	Оплачен полностью	Не оплачен	Не получен	11.01.2023	191	160	Угольник ВР/ВР 50(2") оцинков.	4,000	шт	240,83	963,33	20%	192,67	1 156
11.01.2023 17:41:22	0000-000013	Болотсков Игорь Викторович	6 000,00	Нет	Оплачен полностью	Не оплачен	Не получен	11.01.2023	2291708	160	услуги грузоперевозки	1,000	шт	6 000,00	6 000,00	Без НДС		6 000
11.01.2023 17:41:22	0000-000014	Пластик-Север ООО	18 097,00	Нет	Оплачен полностью	Не оплачен	Не получен	11.01.2023	139	160	Бурт (втулка) под фланец ПВХ 160 под клей, Hidroten, Испания 1010137	5,000	шт	840,00	4 200,00	20%	840,00	5 040
11.01.2023 17:41:22	0000-000014	Пластик-Север ООО	18 097,00	Нет	Оплачен полностью	Не оплачен	Не получен	11.01.2023	139	160	Держатель стальной для труб (Дн 31... 36мм) Т'с сантехшпилькой (М8)	20,000	шт	45,00	900,00	20%	180,00	1 080
11.01.2023 17:41:22	0000-000014	Пластик-Север ООО	18 097,00	Нет	Оплачен полностью	Не оплачен	Не получен	11.01.2023	139	160	Держатель стальной для труб (Дн 87... 92,мм) 3", М8, б/к	20,000	шт	37,92	758,33	20%	151,67	910
11.01.2023 17:41:22	0000-000014	Пластик-Север ООО	18 097,00	Нет	Оплачен полностью	Не оплачен	Не получен	11.01.2023	139	160	Затвор дисковый поворотный м/ф DN150, чугун, PN16, Tmax=1 10 °C, с рукояткой, Китай	2,000	шт	1 591,67	3 183,33	20%	636,67	3 820
11.01.2023 17:41:22	0000-000014	Пластик-Север ООО	18 097,00	Нет	Оплачен полностью	Не оплачен	Не получен	11.01.2023	139	160	Прокладка кольцевая паронитовая Ду150 Ру 10-16	4,000	шт	44,17	176,67	20%	35,33	212
11.01.2023 17:41:22	0000-000014	Пластик-Север ООО	18 097,00	Нет	Оплачен полностью	Не оплачен	Не получен	11.01.2023	139	160	Фланец ПВХ 160 Hidroten, Испания 1010032	4,000	шт	725,00	2 900,00	20%	580,00	3 480
11.01.2023 17:41:22	0000-000014	Пластик-Север ООО	18 097,00	Нет	Оплачен полностью	Не оплачен	Не получен	11.01.2023	139	160	Шпилька полн. резьба М16х 1000, оцинк. сталь DIN 975, к.п.4,8	15,000	шт	197,50	2 962,50	20%	592,50	3 555
12.01.2023 17:21:11	0000-000015	Пластик-Север ООО	27 800,00	Нет	Не оплачен	Не оплачен	Не получен	12.01.2023	234	#Документ загружен из сервиса Entera.pro	Труба ПВХ 63 х 4,7мм (1,6 МПа) SDR 13,6 напор.с растр.под клей, L=3 м	10,000	шт	1 109,17	11 091,67	20%	2 218,33	13 310	Удален
12.01.2023 17:21:11	0000-000015	Пластик-Север ООО	27 800,00	Нет	Не оплачен	Не оплачен	Не получен	12.01.2023	234	#Документ загружен из сервиса Entera.pro	Угольник ПВХ 63x90° под клей, Hidroten, Испания 1001005	60,000	шт	168,33	10 100,00	20%	2 020,00	12 120	Удален
12.01.2023 17:21:11	0000-000015	Пластик-Север ООО	27 800,00	Нет	Не оплачен	Не оплачен	Не получен	12.01.2023	234	#Документ загружен из сервиса Entera.pro	Шпилька полн. резьба М16х 1000, оцинк. сталь DIN 975, к.п.4,8	10,000	шт	197,50	1 975,00	20%	395,00	2 370	Удален
12.01.2023 17:21:12	0000-000016	Пластик-Север ООО	27 909,00	Нет	Не оплачен	Не оплачен	Не получен	12.01.2023	234	160	Труба ПВХ 63 х 4,7мм (1,6 МПа) SDR 13,6 напор.с растр.под клей, L=3 м	10,000	шт	1 109,17	11 091,67	20%	2 218,33	13 310
12.01.2023 17:21:12	0000-000016	Пластик-Север ООО	27 909,00	Нет	Не оплачен	Не оплачен	Не получен	12.01.2023	234	160	Угольник ПВХ 63x90° под клей, Hidroten, Испания 1001005	60,000	шт	168,33	10 100,00	20%	2 020,00	12 120
12.01.2023 17:21:12	0000-000016	Пластик-Север ООО	27 909,00	Нет	Не оплачен	Не оплачен	Не получен	12.01.2023	234	160	Угольник ПП 63x90 (бел)	1,000	шт	90,83	90,83	20%	18,17	109
12.01.2023 17:21:12	0000-000016	Пластик-Север ООО	27 909,00	Нет	Не оплачен	Не оплачен	Не получен	12.01.2023	234	160	Шпилька полн. резьба М16х 1000, оцинк. сталь DIN 975, к.п.4,8	10,000	шт	197,50	1 975,00	20%	395,00	2 370
13.01.2023 15:54:17	0000-000017	АО "ТЕЛЕОФИС"	27 340,00	Нет	Не оплачен	Не оплачен	Не получен	13.01.2023	212	#Документ загружен из сервиса Entera.pro	Антенна 4G TELEOFIS RC40 SMA, магнит	2,000	шт	1 200,00	2 400,00	20%	480,00	2 880	Удален
13.01.2023 15:54:17	0000-000017	АО "ТЕЛЕОФИС"	27 340,00	Нет	Не оплачен	Не оплачен	Не получен	13.01.2023	212	#Документ загружен из сервиса Entera.pro	Блок питания TELEOFIS PS12-1000 (L)	2,000	шт	491,67	983,33	20%	196,67	1 180	Удален
13.01.2023 15:54:17	0000-000017	АО "ТЕЛЕОФИС"	27 340,00	Нет	Не оплачен	Не оплачен	Не получен	13.01.2023	212	#Документ загружен из сервиса Entera.pro	Роутер 4G TELEOFIS LT50	1,000	шт	9 500,00	9 500,00	20%	1 900,00	11 400	Удален
13.01.2023 15:54:17	0000-000017	АО "ТЕЛЕОФИС"	27 340,00	Нет	Не оплачен	Не оплачен	Не получен	13.01.2023	212	#Документ загружен из сервиса Entera.pro	Роутер 4G TELEOFIS LT51	1,000	шт	9 900,00	9 900,00	20%	1 980,00	11 880	Удален
13.01.2023 15:54:18	0000-000018	АО "ТЕЛЕОФИС"	4 000,00	Нет	Не оплачен	Не оплачен	Не получен	13.01.2023	211	164	Ремонт оборудования	1,000	шт	3 333,33	3 333,33	20%	666,67	4 000
13.01.2023 15:54:18	0000-000019	Пластик-Север ООО	17 364,00	Нет	Не оплачен	Не оплачен	Не получен	13.01.2023	281	160	Лен сантехнический (200 г)	1,000	шт	303,33	303,33	20%	60,67	364
13.01.2023 15:54:18	0000-000019	Пластик-Север ООО	17 364,00	Нет	Не оплачен	Не оплачен	Не получен	13.01.2023	281	160	Отвод электросварной 160x90°, ПЭ100 SDR11, RADIUS	2,000	шт	7 083,34	14 166,67	20%	2 833,33	17 000
13.01.2023 16:05:22	0000-000020	ЭКС ООО	60 445,54	Нет	Не оплачен	Не оплачен	Не получен	13.01.2023	Р23-782	72,164,160	Выключатель концевой TZ-8111 PROxima EKF tz8 111	2,000	шт	450,04	900,08	20%	180,02	1 080,1
13.01.2023 16:05:22	0000-000020	ЭКС ООО	60 445,54	Нет	Не оплачен	Не оплачен	Не получен	13.01.2023	Р23-782	72,164,160	Зажим наборный ЗНИ-4мм2 (JXB35A) серый | SQ0803-0001 | TDM	40,000	шт	12,48	499,33	20%	99,87	599,2
13.01.2023 16:05:22	0000-000020	ЭКС ООО	60 445,54	Нет	Не оплачен	Не оплачен	Не получен	13.01.2023	Р23-782	72,164,160	Кабельный ввод, пластик V0 UL94, IP65, +130 - 40, 50 отверстий | R5HTC50 | DKC	6,000	шт	2 263,82	13 582,90	20%	2 716,58	16 299,48
13.01.2023 16:05:22	0000-000020	ЭКС ООО	60 445,54	Нет	Не оплачен	Не оплачен	Не получен	13.01.2023	Р23-782	72,164,160	Контакт сигнальный вспомогательный AL-X1 для NXB-63 (R) CHINT 814990	6,000	шт	309,47	1 856,80	20%	371,36	2 228,16
13.01.2023 16:05:22	0000-000020	ЭКС ООО	60 445,54	Нет	Не оплачен	Не оплачен	Не получен	13.01.2023	Р23-782	72,164,160	Контактор КМИ-11210 12A 230B/AC3 1НО | ККМ11-012-230-10 | IEK	8,000	шт	499,25	3 994,00	20%	798,80	4 792,8
13.01.2023 16:05:22	0000-000020	ЭКС ООО	60 445,54	Нет	Не оплачен	Не оплачен	Не получен	13.01.2023	Р23-782	72,164,160	Провод ПуГВ 1x6 Ж/3 450/750В (бухта) (м)	45,000	м	50,72	2 282,25	20%	456,45	2 738,7
13.01.2023 16:05:22	0000-000020	ЭКС ООО	60 445,54	Нет	Не оплачен	Не оплачен	Не получен	13.01.2023	Р23-782	72,164,160	Пускатель ПРК32-6.3 ln6.3А Ir4-6.3A Ue 660В IEK DMS11-D63 4	4,000	шт	1 219,81	4 879,23	20%	975,85	5 855,08
13.01.2023 16:05:22	0000-000020	ЭКС ООО	60 445,54	Нет	Не оплачен	Не оплачен	Не получен	13.01.2023	Р23-782	72,164,160	Пускатель ручной кнопочный ПРК32-4 In =4A lr=2,5-4A Ue 660В | DMS11-004 | IEK	4,000	шт	1 227,80	4 911,20	20%	982,24	5 893,44
13.01.2023 16:05:22	0000-000020	ЭКС ООО	60 445,54	Нет	Не оплачен	Не оплачен	Не получен	13.01.2023	Р23-782	72,164,160	Термостат NC (обогрев) на DIN -рейку 10А 230В IP20 PROxima EKF TNC10M	1,000	шт	303,44	303,44	20%	60,69	364,13
13.01.2023 16:05:22	0000-000020	ЭКС ООО	60 445,54	Нет	Не оплачен	Не оплачен	Не получен	13.01.2023	Р23-782	72,164,160	Термостат NO (охлаждение) на DIN -рейку 10А 230В IP20 PROxima EKF TNO10M	1,000	шт	303,44	303,44	20%	60,69	364,13
13.01.2023 16:05:22	0000-000020	ЭКС ООО	60 445,54	Нет	Не оплачен	Не оплачен	Не получен	13.01.2023	Р23-782	72,164,160	Труба гофрированная ПНД безгалогенная (HF) черная с/з д16 (100м/5500м уп/пал) | PR. 021651 | Строите	200,000	м	8,42	1 683,33	20%	336,67	2 020
13.01.2023 16:05:22	0000-000020	ЭКС ООО	60 445,54	Нет	Не оплачен	Не оплачен	Не получен	13.01.2023	Р23-782	72,164,160	Труба гофрированная ПНД безгалогенная (HF) черная с/з д20 (100м/4800м уп/пал) | PR. 022051 | Строите	200,000	м	11,01	2 201,67	20%	440,33	2 642
13.01.2023 16:05:22	0000-000020	ЭКС ООО	60 445,54	Нет	Не оплачен	Не оплачен	Не получен	13.01.2023	Р23-782	72,164,160	Щит с монтажной панелью ЩМП-2-0 IP66 (500x400x220) | SQ0905-0084 | TDM	3,000	шт	4 324,53	12 973,60	20%	2 594,72	15 568,32
13.01.2023 16:05:22	0000-000021	АО "ТЕЛЕОФИС"	46 560,00	Нет	Не оплачен	Не оплачен	Не получен	13.01.2023	212	164,160	Роутер 4G TELEOFIS LT50	2,000	шт	9 500,00	19 000,00	20%	3 800,00	22 800
13.01.2023 16:05:22	0000-000021	АО "ТЕЛЕОФИС"	46 560,00	Нет	Не оплачен	Не оплачен	Не получен	13.01.2023	212	164,160	Роутер 4G TELEOFIS LT51	2,000	шт	9 900,00	19 800,00	20%	3 960,00	23 760
13.01.2023 16:05:23	0000-000026	АО "ТРАНСКЕМИКЛ-ЭКСПРЕСС"	52 034,78	Нет	Не оплачен	Не оплачен	Не получен	13.01.2023	166	144,145,149,160,164,165	Водорода пероксид марка Б-6 30%	0,176	т	246 376,82	43 362,32	20%	8 672,46	52 034,78
16.01.2023 10:05:31	0000-000022	Пластик-Север ООО	69 353,00	Нет	Не оплачен	Не оплачен	Не получен	16.01.2023	349	160	Бурт (втулка) под фланец ПВХ 110 под клей, Hidroten, Испания 1010134	9,000	шт	330,83	2 977,50	20%	595,50	3 573
16.01.2023 10:05:31	0000-000022	Пластик-Север ООО	69 353,00	Нет	Не оплачен	Не оплачен	Не получен	16.01.2023	349	160	Кольцо переходное ПВХ 110x63 под клей, Hidroten, Испания 1001196	4,000	шт	235,83	943,33	20%	188,67	1 132
16.01.2023 10:05:31	0000-000022	Пластик-Север ООО	69 353,00	Нет	Не оплачен	Не оплачен	Не получен	16.01.2023	349	160	Кольцо переходное ПВХ 110x75 под клей, Hidroten, Испания 1001197	2,000	шт	241,67	483,33	20%	96,67	580
16.01.2023 10:05:31	0000-000022	Пластик-Север ООО	69 353,00	Нет	Не оплачен	Не оплачен	Не получен	16.01.2023	349	160	Кольцо переходное ПВХ 160x110 под клей, Hidroten, Испания 1001125	2,000	шт	676,67	1 353,33	20%	270,67	1 624
16.01.2023 10:05:31	0000-000022	Пластик-Север ООО	69 353,00	Нет	Не оплачен	Не оплачен	Не получен	16.01.2023	349	160	Кольцо переходное ПВХ 75x40 под клей, Hidroten, Испания 1001183	2,000	шт	104,17	208,33	20%	41,67	250
16.01.2023 10:05:31	0000-000022	Пластик-Север ООО	69 353,00	Нет	Не оплачен	Не оплачен	Не получен	16.01.2023	349	160	Кран шаровой ПВХ 63 под клей, PIMTAS, Турция 202 00 063 2	5,000	шт	880,00	4 400,00	20%	880,00	5 280
16.01.2023 10:05:31	0000-000022	Пластик-Север ООО	69 353,00	Нет	Не оплачен	Не оплачен	Не получен	16.01.2023	349	160	Муфта ПВХ 110 под клей, Hidroten, Испания 1001044	6,000	шт	583,33	3 500,00	20%	700,00	4 200
16.01.2023 10:05:31	0000-000022	Пластик-Север ООО	69 353,00	Нет	Не оплачен	Не оплачен	Не получен	16.01.2023	349	160	Муфта ПВХ с внутр.резьб. 40/32x1" под клей, PIMTAS, Турция 518 00 032 2	2,000	шт	29,17	58,33	20%	11,67	70
16.01.2023 10:05:31	0000-000022	Пластик-Север ООО	69 353,00	Нет	Не оплачен	Не оплачен	Не получен	16.01.2023	349	160	Тройник ПВХ 110x110x90° под клей, Hidroten, Испания 1001032	2,000	шт	1 156,67	2 313,33	20%	462,67	2 776
16.01.2023 10:05:31	0000-000022	Пластик-Север ООО	69 353,00	Нет	Не оплачен	Не оплачен	Не получен	16.01.2023	349	160	Тройник ПВХ 160x160x90° под клей, PIMTAS, Турция 504 00 160 2	4,000	шт	1 716,67	6 866,67	20%	1 373,33	8 240
16.01.2023 10:05:31	0000-000022	Пластик-Север ООО	69 353,00	Нет	Не оплачен	Не оплачен	Не получен	16.01.2023	349	160	Труба ПВХ 110 х 5,3мм (1,3 МПа) SDR 21 напор.с растр.под клей, L=3 м	2,000	шт	2 195,00	4 390,00	20%	878,00	5 268
16.01.2023 10:05:31	0000-000022	Пластик-Север ООО	69 353,00	Нет	Не оплачен	Не оплачен	Не получен	16.01.2023	349	160	Угольник ПВХ 110x45° под клей, Hidroten, Испания 1001020	10,000	шт	721,67	7 216,67	20%	1 443,33	8 660
16.01.2023 10:05:31	0000-000022	Пластик-Север ООО	69 353,00	Нет	Не оплачен	Не оплачен	Не получен	16.01.2023	349	160	Угольник ПВХ 110x90° под клей, Hidroten, Испания 1001008	30,000	шт	626,67	18 800,00	20%	3 760,00	22 560
16.01.2023 10:05:31	0000-000022	Пластик-Север ООО	69 353,00	Нет	Не оплачен	Не оплачен	Не получен	16.01.2023	349	160	Фланец ПВХ 110 Hidroten, Испания 1010029	10,000	шт	428,33	4 283,33	20%	856,67	5 140
16.01.2023 11:53:47	0000-000023	Пластик-Север ООО	580,00	Нет	Не оплачен	Не оплачен	Не получен	16.01.2023	362	160	Прокладка кольцевая паронитовая ДуЮО Ру 10-16	20,000	шт	24,17	483,33	20%	96,67	580
16.01.2023 11:53:47	0000-000025	Пластик-Север ООО	1 738,00	Нет	Не оплачен	Не оплачен	Не получен	16.01.2023	358	160	Седелка с внутрен.резьбой ПВХ 110 х 1" (4 болта), PIMTAS, Турция 529 00 11032 2	2,000	шт	724,17	1 448,33	20%	289,67	1 738
16.01.2023 18:01:53	0000-000027	ООО "ФАВОРИТ-ЭЛЕКТРО"	106 304,45	Нет	Не оплачен	Не оплачен	Не получен	16.01.2023	1922	#Документ загружен из сервиса Entera.pro	Двухуровневый зажим клеммный безвинтовой (ДЗКБ) 4 мм2 40А серый TDM	200,000	шт	73,64	14 728,33	20%	2 945,67	17 674	Удален
16.01.2023 18:01:53	0000-000027	ООО "ФАВОРИТ-ЭЛЕКТРО"	106 304,45	Нет	Не оплачен	Не оплачен	Не получен	16.01.2023	1922	#Документ загружен из сервиса Entera.pro	Дополнительный контакт поперечный ДКП32-11 TDM	100,000	шт	213,74	21 374,17	20%	4 274,83	25 649	Удален
16.01.2023 18:01:53	0000-000027	ООО "ФАВОРИТ-ЭЛЕКТРО"	106 304,45	Нет	Не оплачен	Не оплачен	Не получен	16.01.2023	1922	#Документ загружен из сервиса Entera.pro	Заглушка для ЗКБ 4 мм2 серая TDM	20,000	шт	8,62	172,33	20%	34,47	206,8	Удален
16.01.2023 18:01:53	0000-000027	ООО "ФАВОРИТ-ЭЛЕКТРО"	106 304,45	Нет	Не оплачен	Не оплачен	Не получен	16.01.2023	1922	#Документ загружен из сервиса Entera.pro	КМН-11210 12A230B/AC3 1HOTDM	22,000	шт	289,12	6 360,57	20%	1 272,11	7 632,68	Удален
16.01.2023 18:01:53	0000-000027	ООО "ФАВОРИТ-ЭЛЕКТРО"	106 304,45	Нет	Не оплачен	Не оплачен	Не получен	16.01.2023	1922	#Документ загружен из сервиса Entera.pro	КМН-11810 18A230B/AC3 1HOTDM	4,000	шт	323,58	1 294,33	20%	258,87	1 553,2	Удален
16.01.2023 18:01:53	0000-000027	ООО "ФАВОРИТ-ЭЛЕКТРО"	106 304,45	Нет	Не оплачен	Не оплачен	Не получен	16.01.2023	1922	#Документ загружен из сервиса Entera.pro	Концевой выключатель ВККН-2110М11-У2 кнопочный толкатель 5А 1з+1р IP65TDM	6,000	шт	350,75	2 104,50	20%	420,90	2 525,4	Удален
16.01.2023 18:01:53	0000-000027	ООО "ФАВОРИТ-ЭЛЕКТРО"	106 304,45	Нет	Не оплачен	Не оплачен	Не получен	16.01.2023	1922	#Документ загружен из сервиса Entera.pro	Модульный распределительный блок на DIN -рейку МРБ-100 2П 100А 2x7 групп TDM	3,000	шт	246,14	738,42	20%	147,69	886,11	Удален
16.01.2023 18:01:53	0000-000027	ООО "ФАВОРИТ-ЭЛЕКТРО"	106 304,45	Нет	Не оплачен	Не оплачен	Не получен	16.01.2023	1922	#Документ загружен из сервиса Entera.pro	Модульный распределительный блок на DIN -рейку МРБ-100 4П 100А 4x7 групп TDM	2,000	шт	438,12	876,23	20%	175,25	1 051,48	Удален
16.01.2023 18:01:53	0000-000027	ООО "ФАВОРИТ-ЭЛЕКТРО"	106 304,45	Нет	Не оплачен	Не оплачен	Не получен	16.01.2023	1922	#Документ загружен из сервиса Entera.pro	Пускатель ПРК32-4 ln=4A Iг=2,5-4А Ue 660В TDM	10,000	шт	993,31	9 933,08	20%	1 986,62	11 919,7	Удален
16.01.2023 18:01:53	0000-000027	ООО "ФАВОРИТ-ЭЛЕКТРО"	106 304,45	Нет	Не оплачен	Не оплачен	Не получен	16.01.2023	1922	#Документ загружен из сервиса Entera.pro	Пускатель ПРК32-6,3 Iп=6,ЗА Iг=4-6,3A Ue 660В TDM	10,000	шт	987,29	9 872,92	20%	1 974,58	11 847,5	Удален
16.01.2023 18:01:53	0000-000027	ООО "ФАВОРИТ-ЭЛЕКТРО"	106 304,45	Нет	Не оплачен	Не оплачен	Не получен	16.01.2023	1922	#Документ загружен из сервиса Entera.pro	Розетка с заземляющим контактом РАр10-3-ОП Shuko TDM	12,000	шт	115,45	1 385,40	20%	277,08	1 662,48	Удален
16.01.2023 18:01:53	0000-000027	ООО "ФАВОРИТ-ЭЛЕКТРО"	106 304,45	Нет	Не оплачен	Не оплачен	Не получен	16.01.2023	1922	#Документ загружен из сервиса Entera.pro	ЩМП-2-0 IP66 (500x400x220) TDM	5,000	шт	3 949,35	19 746,75	20%	3 949,35	23 696,1	Удален
16.01.2023 18:01:54	0000-000030	ООО "ФАВОРИТ-ЭЛЕКТРО"	88 423,65	Нет	Оплачен полностью	Не оплачен	Не получен	16.01.2023	1922	164	Дополнительный контакт поперечный ДКП32-11 TDM	100,000	шт	213,74	21 374,17	20%	4 274,83	25 649
16.01.2023 18:01:54	0000-000030	ООО "ФАВОРИТ-ЭЛЕКТРО"	88 423,65	Нет	Оплачен полностью	Не оплачен	Не получен	16.01.2023	1922	164	КМН-11210 12A230B/AC3 1HO TDM	22,000	шт	289,12	6 360,57	20%	1 272,11	7 632,68
16.01.2023 18:01:54	0000-000030	ООО "ФАВОРИТ-ЭЛЕКТРО"	88 423,65	Нет	Оплачен полностью	Не оплачен	Не получен	16.01.2023	1922	164	КМН-11810 18A230B/AC3 1HO TDM	4,000	шт	323,58	1 294,33	20%	258,87	1 553,2
16.01.2023 18:01:54	0000-000030	ООО "ФАВОРИТ-ЭЛЕКТРО"	88 423,65	Нет	Оплачен полностью	Не оплачен	Не получен	16.01.2023	1922	164	Концевой выключатель ВККН-2110М11-У2 кнопочный толкатель 5А 1з+1р IP65 TDM	6,000	шт	350,75	2 104,50	20%	420,90	2 525,4
16.01.2023 18:01:54	0000-000030	ООО "ФАВОРИТ-ЭЛЕКТРО"	88 423,65	Нет	Оплачен полностью	Не оплачен	Не получен	16.01.2023	1922	164	Модульный распределительный блок на DIN -рейку МРБ-100 2П 100А 2x7 групп TDM	3,000	шт	246,14	738,42	20%	147,69	886,11
16.01.2023 18:01:54	0000-000030	ООО "ФАВОРИТ-ЭЛЕКТРО"	88 423,65	Нет	Оплачен полностью	Не оплачен	Не получен	16.01.2023	1922	164	Модульный распределительный блок на DIN -рейку МРБ-100 4П 100А 4x7 групп TDM	2,000	шт	438,12	876,23	20%	175,25	1 051,48
16.01.2023 18:01:54	0000-000030	ООО "ФАВОРИТ-ЭЛЕКТРО"	88 423,65	Нет	Оплачен полностью	Не оплачен	Не получен	16.01.2023	1922	164	Пускатель ПРК32-4 ln=4A Iг=2,5-4А Ue 660В TDM	10,000	шт	993,31	9 933,08	20%	1 986,62	11 919,7
16.01.2023 18:01:54	0000-000030	ООО "ФАВОРИТ-ЭЛЕКТРО"	88 423,65	Нет	Оплачен полностью	Не оплачен	Не получен	16.01.2023	1922	164	Пускатель ПРК32-6,3 In=6,3А lr=4-6,3A Ue 660В TDM	10,000	шт	987,29	9 872,92	20%	1 974,58	11 847,5
16.01.2023 18:01:54	0000-000030	ООО "ФАВОРИТ-ЭЛЕКТРО"	88 423,65	Нет	Оплачен полностью	Не оплачен	Не получен	16.01.2023	1922	164	Розетка с заземляющим контактом РАр10-3-ОП Shuko TDM	12,000	шт	115,45	1 385,40	20%	277,08	1 662,48
16.01.2023 18:01:54	0000-000030	ООО "ФАВОРИТ-ЭЛЕКТРО"	88 423,65	Нет	Оплачен полностью	Не оплачен	Не получен	16.01.2023	1922	164	ЩМП-2-0 IP66 (500x400x220) TDM	5,000	шт	3 949,35	19 746,75	20%	3 949,35	23 696,1
17.01.2023 15:58:24	0000-000028	ЛЕРУА МЕРЛЕН ВОСТОК ООО	30 000,00	Нет	Оплачен полностью	Не оплачен	Не получен	17.01.2023	42	160	Оплата по договору клиентского счета № 000- 099772	1,000	шт	25 000,00	25 000,00	20%	5 000,00	30 000
17.01.2023 15:58:24	0000-000029	Пластик-Север ООО	5 056,00	Нет	Не оплачен	Не оплачен	Не получен	17.01.2023	460	160	Кольцо переходное ПВХ 40x32 под клей, Hidroten, Испания 1001063	7,000	шт	30,00	210,00	20%	42,00	252
17.01.2023 15:58:24	0000-000029	Пластик-Север ООО	5 056,00	Нет	Не оплачен	Не оплачен	Не получен	17.01.2023	460	160	Танк-адаптер ПВХ 40 мм (внутр.склейка) с наружной резьбой 2"(в сборе) под клей, Hidroten, Испания	2,000	шт	426,67	853,33	20%	170,67	1 024
17.01.2023 15:58:24	0000-000029	Пластик-Север ООО	5 056,00	Нет	Не оплачен	Не оплачен	Не получен	17.01.2023	460	160	Тройник ПВХ 63x63x90° под клей, Hidroten, Испания 1001029	2,000	шт	223,34	446,67	20%	89,33	536
17.01.2023 15:58:24	0000-000029	Пластик-Север ООО	5 056,00	Нет	Не оплачен	Не оплачен	Не получен	17.01.2023	460	160	Футорка нар./внутр. 1 "х1/2", латунь без покрытия	2,000	шт	135,00	270,00	20%	54,00	324
17.01.2023 15:58:24	0000-000029	Пластик-Север ООО	5 056,00	Нет	Не оплачен	Не оплачен	Не получен	17.01.2023	460	160	Хомут 32-50мм (нержавеющая сталь)	16,000	шт	20,00	320,00	20%	64,00	384
17.01.2023 15:58:24	0000-000029	Пластик-Север ООО	5 056,00	Нет	Не оплачен	Не оплачен	Не получен	17.01.2023	460	160	Шланг ПВХ Ду32(Днар37) мм, Рраб-0,6МПа,спиральный, белый, бухта-50 м, 007N (Болгария)	10,000	м	190,00	1 900,00	20%	380,00	2 280
17.01.2023 15:58:24	0000-000029	Пластик-Север ООО	5 056,00	Нет	Не оплачен	Не оплачен	Не получен	17.01.2023	460	160	Штуцер ПВХ клеевой 32 мм (наружная склейка) под шланг 31-34 мм, PIMTAS, Турция 528 80 032 2	4,000	шт	53,33	213,33	20%	42,67	256
17.01.2023 19:04:00	0000-000031	ООО "ВСЕИНСТРУМЕНТЫ.РУ"	11 624,00	Нет	Оплачен полностью	Не оплачен	Не получен	17.01.2023	2301-100109-32001	160	Ballu масляный радиатор BOH/CL-07WRN 1500 7 секций	4,000	шт	2 421,67	9 686,67	20%	1 937,33	11 624
17.01.2023 19:04:01	0000-000034	ЭКС ООО	9 232,86	Нет	Не оплачен	Не оплачен	Не получен	17.01.2023	Р23-1247	160	Инструмент для снятия изоляции WS-06 КВТ 60409	1,000	шт	1 103,57	1 103,57	20%	220,71	1 324,28
17.01.2023 19:04:01	0000-000034	ЭКС ООО	9 232,86	Нет	Не оплачен	Не оплачен	Не получен	17.01.2023	Р23-1247	160	Инструмент для снятия изоляции WS-21 - 77667	1,000	шт	1 034,94	1 034,94	20%	206,99	1 241,93
17.01.2023 19:04:01	0000-000034	ЭКС ООО	9 232,86	Нет	Не оплачен	Не оплачен	Не получен	17.01.2023	Р23-1247	160	КГВВнг(А)-LS 5x10-0,66	5,000	м	493,11	2 465,54	20%	493,11	2 958,65
17.01.2023 19:04:01	0000-000034	ЭКС ООО	9 232,86	Нет	Не оплачен	Не оплачен	Не получен	17.01.2023	Р23-1247	160	КГВВнг(А)-LS 5x6 -0,66	10,000	м	293,17	2 931,67	20%	586,33	3 518
17.01.2023 19:04:01	0000-000034	ЭКС ООО	9 232,86	Нет	Не оплачен	Не оплачен	Не получен	17.01.2023	Р23-1247	160	Наконечник НШВИ 1.0-8 (упак=100штук) - 79438	500,000	шт	0,32	158,33	20%	31,67	190
18.01.2023 15:20:21	0000-000032	ИП Колганов Александр Николаевич	95 860,00	Нет	Не оплачен	Не оплачен	Не получен	18.01.2023	454	160	Гравий гранитный фр. 5-10 фасованный /25кг/	60,000	шт	208,33	12 500,00	20%	2 500,00	15 000
18.01.2023 15:20:21	0000-000032	ИП Колганов Александр Николаевич	95 860,00	Нет	Не оплачен	Не оплачен	Не получен	18.01.2023	454	160	Доставка	1,000		17 750,00	17 750,00	20%	3 550,00	21 300
18.01.2023 15:20:21	0000-000032	ИП Колганов Александр Николаевич	95 860,00	Нет	Не оплачен	Не оплачен	Не получен	18.01.2023	454	160	Кварц жильный дробленый фр. 10-20 фасованный /25кг/	72,000	шт	358,33	25 800,00	20%	5 160,00	30 960
18.01.2023 15:20:21	0000-000032	ИП Колганов Александр Николаевич	95 860,00	Нет	Не оплачен	Не оплачен	Не получен	18.01.2023	454	160	Песок кварцевый фр.0,8-2,0 мм фасованный /25кг/	110,000	шт	216,67	23 833,33	20%	4 766,67	28 600
18.01.2023 15:20:22	0000-000033	Пластик-Север ООО	2 068,00	Нет	Не оплачен	Не оплачен	Не получен	18.01.2023	517	1	Тройник ПВХ 63x63x90° под клей, Hidroten, Испания 1001029	2,000	шт	223,34	446,67	20%	89,33	536
18.01.2023 15:20:22	0000-000033	Пластик-Север ООО	2 068,00	Нет	Не оплачен	Не оплачен	Не получен	18.01.2023	517	1	Труба ПВХ 63 х 3,0мм (1,0 МПа) SDR 21 напор.с растр.под клей, L=3 м	2,000	шт	638,34	1 276,67	20%	255,33	1 532
18.01.2023 15:29:25	0000-000035	ООО "ФАВОРИТ-ЭЛЕКТРО"	7 383,75	Нет	Оплачен полностью	Не оплачен	Не получен	18.01.2023	2701	160	Кнопка управления LAY5-BA31 без подсветки зеленая 1з ИЭК	4,000	шт	208,91	835,63	20%	167,13	1 002,76
18.01.2023 15:29:25	0000-000035	ООО "ФАВОРИТ-ЭЛЕКТРО"	7 383,75	Нет	Оплачен полностью	Не оплачен	Не получен	18.01.2023	2701	160	Кнопка управления LAY5-BA42 без подсветки красная 1р ИЭК	4,000	шт	268,67	1 074,67	20%	214,93	1 289,6
18.01.2023 15:29:25	0000-000035	ООО "ФАВОРИТ-ЭЛЕКТРО"	7 383,75	Нет	Оплачен полностью	Не оплачен	Не получен	18.01.2023	2701	160	Контактор модульный КМ20-11 М AC IEK	2,000	шт	928,74	1 857,48	20%	371,50	2 228,98
18.01.2023 15:29:25	0000-000035	ООО "ФАВОРИТ-ЭЛЕКТРО"	7 383,75	Нет	Оплачен полностью	Не оплачен	Не получен	18.01.2023	2701	160	Контактор модульный КМ20-20М AC IEK	2,000	шт	975,10	1 950,20	20%	390,04	2 340,24
18.01.2023 15:29:25	0000-000035	ООО "ФАВОРИТ-ЭЛЕКТРО"	7 383,75	Нет	Оплачен полностью	Не оплачен	Не получен	18.01.2023	2701	160	Лампа АО22О8(ЕЕО)матрица 622мм белый 230В ИЭК	1,000	шт	67,19	67,19	20%	13,44	80,63
18.01.2023 15:29:25	0000-000035	ООО "ФАВОРИТ-ЭЛЕКТРО"	7 383,75	Нет	Оплачен полностью	Не оплачен	Не получен	18.01.2023	2701	160	Матрица светодиодная AD16-22HS зеленый 230 В AC EKF PROxima (П)	6,000	шт	61,32	367,95	20%	73,59	441,54
19.01.2023 12:35:59	0000-000036	ИП Февралев Сергей Николаевич	75 000,00	Нет	Не оплачен	Не оплачен	Не получен	19.01.2023	10004	164	Транспортные услуги по организации перевозки груза , маршрут МО Истра-ЧО Магнитогорск, водитель Суна	1,000	шт	75 000,00	75 000,00	Без НДС		75 000
20.01.2023 17:23:58	0000-000037	ЛЕРУА МЕРЛЕН ВОСТОК ООО	30 000,00	Нет	Оплачен полностью	Не оплачен	Не получен	20.01.2023	43	160	Оплата по договору клиентского счета № 000- 099772	1,000	шт	25 000,00	25 000,00	20%	5 000,00	30 000
20.01.2023 17:23:58	0000-000038	ООО "ГЕРМЕС"	3 657,50	Нет	Не оплачен	Не оплачен	Не получен	20.01.2023	95	160	Доборный элемент (ед.изм. м2) 2500*110*0.5 Полиэстер (7047)	3,850	м2	791,67	3 047,92	20%	609,58	3 657,5
23.01.2023 17:10:47	0000-000039	ООО "ЭЛЕФАНТ"	10 150,00	Нет	Не оплачен	Не оплачен	Не получен	23.01.2023	411	164	Программируемое реле ПР100-24.1208.03.1	1,000	шт	8 458,33	8 458,33	20%	1 691,67	10 150
23.01.2023 17:10:47	0000-000040	Металл-ДК ООО	8 800,00	Нет	Не оплачен	Не оплачен	Не получен	23.01.2023	МД000001104	164	Лист 1,5x1250x2500 х/к	1,000	шт	2 458,33	2 458,33	20%	491,67	2 950
23.01.2023 17:10:47	0000-000040	Металл-ДК ООО	8 800,00	Нет	Не оплачен	Не оплачен	Не получен	23.01.2023	МД000001104	164	Уголок L50x4	30,000	м	162,50	4 875,00	20%	975,00	5 850
23.01.2023 17:10:48	0000-000042	ООО "ТД ОВЕН-К"	39 600,00	Нет	Не оплачен	Не оплачен	Не получен	23.01.2023	ТД 230123-941	164,162	Программируемое реле ПР100-24.1208.03.1	4,000	шт	8 250,00	33 000,00	20%	6 600,00	39 600
24.01.2023 17:17:43	0000-000041	ООО "ГК СИТИ ПРОЕКТ"	1 420 000,00	Нет	Не оплачен	Не оплачен	Не получен	24.01.2023	А-874	166	Емкость горизонтальная подземная SPG-10 м3. (Усреднитель) Габариты: D=2000mm, L=3500мм	1,000	шт	169 166,67	169 166,67	20%	33 833,33	203 000
24.01.2023 17:17:43	0000-000041	ООО "ГК СИТИ ПРОЕКТ"	1 420 000,00	Нет	Не оплачен	Не оплачен	Не получен	24.01.2023	А-874	166	Емкость горизонтальная подземная SPG-12 м3. (Биореактор 1) Габариты: D=2000mm, L=4000мм	1,000	шт	275 000,00	275 000,00	20%	55 000,00	330 000
24.01.2023 17:17:43	0000-000041	ООО "ГК СИТИ ПРОЕКТ"	1 420 000,00	Нет	Не оплачен	Не оплачен	Не получен	24.01.2023	А-874	166	Емкость горизонтальная подземная SPG-12 м3. (Биореактор 2) Габариты: D=2000мм, L=4000мм	1,000	шт	275 000,00	275 000,00	20%	55 000,00	330 000
24.01.2023 17:17:43	0000-000041	ООО "ГК СИТИ ПРОЕКТ"	1 420 000,00	Нет	Не оплачен	Не оплачен	Не получен	24.01.2023	А-874	166	Емкость горизонтальная подземная SPG-32 м3. (Усиленный корпус) Габариты: D=2300мм, L=8000мм	1,000	шт	464 166,66	464 166,66	20%	92 833,34	557 000
24.01.2023 19:18:47	0000-000043	Деловые Линии ООО	2 269,00	Нет	Не оплачен	Не оплачен	Не получен	24.01.2023	23-01321005024	164	Информирование о статусе и местонахождении груза	1,000	шт	12,50	12,50	20%	2,50	15
24.01.2023 19:18:47	0000-000043	Деловые Линии ООО	2 269,00	Нет	Не оплачен	Не оплачен	Не получен	24.01.2023	23-01321005024	164	Страхование груза и срока	1,000	шт	152,00	152,00	Без НДС		152
24.01.2023 19:18:47	0000-000043	Деловые Линии ООО	2 269,00	Нет	Не оплачен	Не оплачен	Не получен	24.01.2023	23-01321005024	164	Услуга по организации доставки (экспедированию) груза из г. Челябинск в г .Москва (мест: 3; 77 кг; 0	1,000	шт	868,33	868,33	20%	173,67	1 042
24.01.2023 19:18:47	0000-000043	Деловые Линии ООО	2 269,00	Нет	Не оплачен	Не оплачен	Не получен	24.01.2023	23-01321005024	164	Услуга по организации доставки (экспедированию) груза по г. Москва	1,000	шт	883,33	883,33	20%	176,67	1 060
25.01.2023 12:00:00	0000-000048	ООО "ТАНТАЛ-4"	20 750,00	Нет	Не оплачен	Не оплачен	Не получен	25.01.2023	293	160	Аквест- 911 огнезащитная краска по металлу 25 кг	2,000		8 645,83	17 291,67	20%	3 458,33	20 750
25.01.2023 12:00:01	0000-000088	ООО "АЛЬФА АРС МЕТИЗЫ"	9 528,25	Нет	Не оплачен	Не оплачен	Не получен	25.01.2023	984	164,165	Болт DIN 933 16х 90 цинк кор. 5 кг Крепыши	25,000	кг	113,68	2 842,08	20%	568,42	3 410,5
25.01.2023 12:00:01	0000-000088	ООО "АЛЬФА АРС МЕТИЗЫ"	9 528,25	Нет	Не оплачен	Не оплачен	Не получен	25.01.2023	984	164,165	Гайка DIN 934 М 16 цинк кор. 5 кг Крепыши	5,000	кг	134,00	670,00	20%	134,00	804
25.01.2023 12:00:01	0000-000088	ООО "АЛЬФА АРС МЕТИЗЫ"	9 528,25	Нет	Не оплачен	Не оплачен	Не получен	25.01.2023	984	164,165	Круг по металлу 125x1,2x22,23 KETZU Standart (металл+нерж) (25шт)	125,000	шт	28,92	3 614,58	20%	722,92	4 337,5
25.01.2023 12:00:01	0000-000088	ООО "АЛЬФА АРС МЕТИЗЫ"	9 528,25	Нет	Не оплачен	Не оплачен	Не получен	25.01.2023	984	164,165	Шайба плоская М 16 оц. DIN 125А кор. 5 кг Крепыши	5,000	кг	162,71	813,54	20%	162,71	976,25
26.01.2023 12:12:18	0000-000044	ООО "УНОКОР"	46 980,00	Нет	Не оплачен	Не оплачен	Не получен	26.01.2023	УР-78	166	Вихревая воздуходувка UNOKOR GL 150-42	1,000	шт	31 666,67	31 666,67	20%	6 333,33	38 000
26.01.2023 12:12:18	0000-000044	ООО "УНОКОР"	46 980,00	Нет	Не оплачен	Не оплачен	Не получен	26.01.2023	УР-78	166	Предохранительный клапан RVM 01 1 1/4"	2,000	шт	2 741,66	5 483,33	20%	1 096,67	6 580
26.01.2023 12:12:18	0000-000044	ООО "УНОКОР"	46 980,00	Нет	Не оплачен	Не оплачен	Не получен	26.01.2023	УР-78	166	Фильтр MF 1 1/2	2,000	шт	1 000,00	2 000,00	20%	400,00	2 400
26.01.2023 12:12:18	0000-000045	ЛЕРУА МЕРЛЕН ВОСТОК ООО	30 000,00	Нет	Оплачен полностью	Не оплачен	Не получен	26.01.2023	45	160	Оплата по договору клиентского счета № 000- 099772	1,000	шт	25 000,00	25 000,00	20%	5 000,00	30 000
26.01.2023 12:12:19	0000-000046	ООО "КОМПАНИЯ ВТС"	24 311,04	Нет	Не оплачен	Не оплачен	Не получен	26.01.2023	2559	166	Поплавковый выключатель TAURUS с неопрен, кабелем 10 м Н05 3X1 двойн. действ. (Ø7.5mm)	10,000	шт	2 025,92	20 259,20	20%	4 051,84	24 311,04
26.01.2023 12:12:19	0000-000047	ООО "НОВАТЕХ"	57 275,00	Нет	Не оплачен	Не оплачен	Не получен	26.01.2023	91	166	Насос Pedrollo ТОР 2 каб.бм	5,000	шт	9 545,83	47 729,17	20%	9 545,83	57 275
26.01.2023 14:22:38	0000-000049	ООО "ГОБЗА"	140 900,00	Нет	Не оплачен	Не оплачен	Не получен	26.01.2023	26	#Документ загружен из сервиса Entera.pro	Мешалка погружная Gobza SSM-208.11.153.B	2,000	шт	58 708,33	117 416,67	20%	23 483,33	140 900	Удален
26.01.2023 14:32:00	0000-000050	ООО "ГОБЗА"	140 900,00	Нет	Оплачен полностью	Не оплачен	Не получен	26.01.2023	26	164	Мешалка погружная Gobza SSM-208.11.153.B	2,000	шт	58 708,33	117 416,67	20%	23 483,33	140 900
26.01.2023 15:27:42	0000-000051	Металл-ДК ООО	50 400,00	Нет	Не оплачен	Не оплачен	Не получен	26.01.2023	МД000001426	162,164,166,142	Труба оцинк. ф 25x2,8 ВГП	84,000	м	250,00	21 000,00	20%	4 200,00	25 200
26.01.2023 15:27:42	0000-000051	Металл-ДК ООО	50 400,00	Нет	Не оплачен	Не оплачен	Не получен	26.01.2023	МД000001426	162,164,166,142	Труба оцинк. ф 57x3,5	36,000	м	583,33	21 000,00	20%	4 200,00	25 200
26.01.2023 16:02:06	0000-000052	ООО "ПОРТАЛ"	20 000,00	Нет	Оплачен полностью	Не оплачен	Не получен	26.01.2023	776792	162,164,166,142	Предоставление неисключительного права использования ПО "DOSTAVISTA" и компенсация расходов Правообл	1,000	шт	20 000,00	20 000,00	Без НДС		20 000
26.01.2023 18:29:26	0000-000053	Металл-ДК ООО	37 479,00	Нет	Не оплачен	Не оплачен	Не получен	26.01.2023	МД000001447	162,164,166,142	Катанка ф 12	18,000	м	40,83	735,00	20%	147,00	882
26.01.2023 18:29:26	0000-000053	Металл-ДК ООО	37 479,00	Нет	Не оплачен	Не оплачен	Не получен	26.01.2023	МД000001447	162,164,166,142	Квадрат №14	81,000	м	116,67	9 450,00	20%	1 890,00	11 340
26.01.2023 18:29:26	0000-000053	Металл-ДК ООО	37 479,00	Нет	Не оплачен	Не оплачен	Не получен	26.01.2023	МД000001447	162,164,166,142	Труба профильная 30x20x1,5 ТУ	30,000	м	65,00	1 950,00	20%	390,00	2 340
26.01.2023 18:29:26	0000-000053	Металл-ДК ООО	37 479,00	Нет	Не оплачен	Не оплачен	Не получен	26.01.2023	МД000001447	162,164,166,142	Труба профильная 80x80x3 ТУ	12,000	м	333,33	4 000,00	20%	800,00	4 800
26.01.2023 18:29:26	0000-000053	Металл-ДК ООО	37 479,00	Нет	Не оплачен	Не оплачен	Не получен	26.01.2023	МД000001447	162,164,166,142	Уголок L 40x4	54,000	м	144,17	7 785,00	20%	1 557,00	9 342
26.01.2023 18:29:26	0000-000053	Металл-ДК ООО	37 479,00	Нет	Не оплачен	Не оплачен	Не получен	26.01.2023	МД000001447	162,164,166,142	Уголок L 50x4	45,000	м	162,50	7 312,50	20%	1 462,50	8 775
27.01.2023 8:02:53	0000-000054	ООО "СИЭНПИ РУС"	79 828,00	Нет	Оплачен полностью	Не оплачен	Не получен	27.01.2023	1266	166	Насос 40WQ10-10-0.75ACW(l), 0,75 кВт, 3x380В, с авт. трубной муфтой и режущим механизмом	2,000	шт	39 914,00	79 828,00	20%	13 304,67	79 828
27.01.2023 16:29:44	0000-000055	Деловые Линии ООО	882,00	Нет	Не оплачен	Не оплачен	Не получен	27.01.2023	23-00081085302	113	Информирование о статусе и местонахождении груза	1,000	шт	12,50	12,50	20%	2,50	15
27.01.2023 16:29:44	0000-000055	Деловые Линии ООО	882,00	Нет	Не оплачен	Не оплачен	Не получен	27.01.2023	23-00081085302	113	Страхование груза и срока	1,000	шт	109,00	109,00	Без НДС		109
27.01.2023 16:29:44	0000-000055	Деловые Линии ООО	882,00	Нет	Не оплачен	Не оплачен	Не получен	27.01.2023	23-00081085302	113	Услуга по организации доставки (экспедированию) груза из г. Москва в г. Ульяновск (мест: 1; 27 кг; 0	1,000	шт	631,67	631,67	20%	126,33	758
27.01.2023 16:29:45	0000-000056	Деловые Линии ООО	1 012,00	Нет	Не оплачен	Не оплачен	Не получен	27.01.2023	23-00081084035	1	Въезд на терминал по подразделению Москва	1,000	шт	83,33	83,33	20%	16,67	100
27.01.2023 16:29:45	0000-000056	Деловые Линии ООО	1 012,00	Нет	Не оплачен	Не оплачен	Не получен	27.01.2023	23-00081084035	1	Въезд на терминал по подразделению Ульяновск	1,000	шт	25,00	25,00	20%	5,00	30
27.01.2023 16:29:45	0000-000056	Деловые Линии ООО	1 012,00	Нет	Не оплачен	Не оплачен	Не получен	27.01.2023	23-00081084035	1	Информирование о статусе и местонахождении груза	1,000	шт	12,50	12,50	20%	2,50	15
27.01.2023 16:29:45	0000-000056	Деловые Линии ООО	1 012,00	Нет	Не оплачен	Не оплачен	Не получен	27.01.2023	23-00081084035	1	Страхование груза и срока	1,000	шт	109,00	109,00	Без НДС		109
27.01.2023 16:29:45	0000-000056	Деловые Линии ООО	1 012,00	Нет	Не оплачен	Не оплачен	Не получен	27.01.2023	23-00081084035	1	Услуга по организации доставки (экспедированию) груза из г. Москва в г. Ульяновск (мест: 1; 38 кг; 0	1,000	шт	631,67	631,67	20%	126,33	758
27.01.2023 16:29:46	0000-000059	Деловые Линии ООО	271,00	Нет	Не оплачен	Не оплачен	Не получен	27.01.2023	23-00085018198	164	Страхование груза и срока	1,000	шт	22,00	22,00	Без НДС		22
27.01.2023 16:29:46	0000-000059	Деловые Линии ООО	271,00	Нет	Не оплачен	Не оплачен	Не получен	27.01.2023	23-00085018198	164	Услуга по организации доставки (экспедированию) груза (документов) из г. Москва в г. Ульяновск (мест	1,000	шт	207,50	207,50	20%	41,50	249
28.01.2023 12:00:00	0000-000057	Кузнецова Ольга Сергеевна	4 850,00	Нет	Оплачен полностью	Не оплачен	Не получен	28.01.2023	2425922	160	ТРАНСПОРТНЫЕ УСЛУГИ	1,000		4 850,00	4 850,00	Без НДС		4 850
30.01.2023 16:30:23	0000-000058	ЭКС ООО	4 210,00	Нет	Не оплачен	Не оплачен	Не получен	30.01.2023	Р23-2793	164	Провод ПуГВ 1x2.5 Ч 450/750В (бухта) (м)	100,000	м	22,38	2 238,33	20%	447,67	2 686
30.01.2023 16:30:23	0000-000058	ЭКС ООО	4 210,00	Нет	Не оплачен	Не оплачен	Не получен	30.01.2023	Р23-2793	164	Провод ПУГВнг(А)-LS 1x0.5 Ч (бухта) (м)	200,000	м	6,35	1 270,00	20%	254,00	1 524
30.01.2023 17:36:32	0000-000060	ООО "ФАВОРИТ-ЭЛЕКТРО"	1 754,40	Нет	Оплачен полностью	Не оплачен	Не получен	30.01.2023	5657	164	Зажим наборный ЗНИ-4мм2 (JXB35A) серый TDM	120,000	шт	12,18	1 462,00	20%	292,40	1 754,4
30.01.2023 17:36:33	0000-000074	ООО "РИО"	16 150 000,00	Нет	Не оплачен	Не оплачен	Не получен	30.01.2023	12	170	Блок ультрафиолетового обеззараживания, УФО-РИО-40, производительностью 40 м3/час. Материал корпуса	1,000	шт	1 083 333,33	1 083 333,33	20%	216 666,67	1 300 000
30.01.2023 17:36:33	0000-000074	ООО "РИО"	16 150 000,00	Нет	Не оплачен	Не оплачен	Не получен	30.01.2023	12	170	Вертикальная канализационная насосная станция ливневых стоков. Производительность 36 м3/ч, напор -10	1,000	шт	1 666 666,67	1 666 666,67	20%	333 333,33	2 000 000
30.01.2023 17:36:33	0000-000074	ООО "РИО"	16 150 000,00	Нет	Не оплачен	Не оплачен	Не получен	30.01.2023	12	170	Вертикальная канализационная насосная станция. Производительность 36 м3/ч, напор - 35 м. Рабочая схе	1,000	шт	1 158 333,33	1 158 333,33	20%	231 666,67	1 390 000
30.01.2023 17:36:33	0000-000074	ООО "РИО"	16 150 000,00	Нет	Не оплачен	Не оплачен	Не получен	30.01.2023	12	170	Емкость накопительная ЕН-РИО-90, усиленная, объемом 90 м3 Материал корпуса - стеклопластик. Габаритн	6,000	шт	1 408 333,33	8 450 000,00	20%	1 690 000,00	10 140 000
30.01.2023 17:36:33	0000-000074	ООО "РИО"	16 150 000,00	Нет	Не оплачен	Не оплачен	Не получен	30.01.2023	12	170	Колодец гашения напора (КГН-РИО) Материал корпуса - стеклопластик. Габаритные размеры: D=2000 мм, Нп	1,000	шт	150 000,00	150 000,00	20%	30 000,00	180 000
30.01.2023 17:36:33	0000-000074	ООО "РИО"	16 150 000,00	Нет	Не оплачен	Не оплачен	Не получен	30.01.2023	12	170	Колодец распределительный (РК-РИО) Материал корпуса - стеклопластик. Габаритные размеры: D=2000 мм,	1,000	шт	208 333,33	208 333,33	20%	41 666,67	250 000
30.01.2023 17:36:33	0000-000074	ООО "РИО"	16 150 000,00	Нет	Не оплачен	Не оплачен	Не получен	30.01.2023	12	170	Установка очистки поверхностных сточных вод в едином корпусе ссорбционным блоком ЛОС-РИО-Ю-СФ, произ	1,000	шт	741 666,67	741 666,67	20%	148 333,33	890 000
30.01.2023 17:36:34	0000-000076	ООО "РИО"	20 260 000,00	Нет	Не оплачен	Не оплачен	Не получен	30.01.2023	13	169	Блок ультрафиолетового обеззараживания, УФО-РИО-40, производительностью 40 м3/час. Материал корпуса	1,000	шт	1 083 333,33	1 083 333,33	20%	216 666,67	1 300 000
30.01.2023 17:36:34	0000-000076	ООО "РИО"	20 260 000,00	Нет	Не оплачен	Не оплачен	Не получен	30.01.2023	13	169	Вертикальная канализационная насосная станция ливневых стоков. Производительность 36 мЗ/ч, напор -10	1,000	шт	1 700 000,00	1 700 000,00	20%	340 000,00	2 040 000
30.01.2023 17:36:34	0000-000076	ООО "РИО"	20 260 000,00	Нет	Не оплачен	Не оплачен	Не получен	30.01.2023	13	169	Вертикальная канализационная насосная станция. Производительность 36 мЗ/ч, напор - 35 м. Рабочая схе	1,000	шт	1 158 333,33	1 158 333,33	20%	231 666,67	1 390 000
30.01.2023 17:36:34	0000-000076	ООО "РИО"	20 260 000,00	Нет	Не оплачен	Не оплачен	Не получен	30.01.2023	13	169	Емкость накопительная ЕН-РИО-90, усиленная, объемом 90 м3 Материал корпуса - стеклопластик. Габаритн	1,000	шт	11 250 000,00	11 250 000,00	20%	2 250 000,00	13 500 000
30.01.2023 17:36:34	0000-000076	ООО "РИО"	20 260 000,00	Нет	Не оплачен	Не оплачен	Не получен	30.01.2023	13	169	Колодец гашения напора (КГН-РИО) Материал корпуса - стеклопластик. Габаритные размеры: 0=2000 мм, Нп	1,000	шт	150 000,00	150 000,00	20%	30 000,00	180 000
30.01.2023 17:36:34	0000-000076	ООО "РИО"	20 260 000,00	Нет	Не оплачен	Не оплачен	Не получен	30.01.2023	13	169	Колодец распределительный №1 (РК-РИО) Материал корпуса - стеклопластик. Габаритные размеры: 0=2000 м	1,000	шт	166 666,67	166 666,67	20%	33 333,33	200 000
30.01.2023 17:36:34	0000-000076	ООО "РИО"	20 260 000,00	Нет	Не оплачен	Не оплачен	Не получен	30.01.2023	13	169	Колодец распределительный №2 (РК-РИО) Материал корпуса - стеклопластик. Габаритные размеры: 0=2000 м	1,000	шт	308 333,33	308 333,33	20%	61 666,67	370 000
30.01.2023 17:36:34	0000-000076	ООО "РИО"	20 260 000,00	Нет	Не оплачен	Не оплачен	Не получен	30.01.2023	13	169	Колодец распределительный №3 (РК-РИО) Материал корпуса - стеклопластик. Габаритные размеры: 0=2000 м	1,000	шт	325 000,00	325 000,00	20%	65 000,00	390 000
30.01.2023 17:36:34	0000-000076	ООО "РИО"	20 260 000,00	Нет	Не оплачен	Не оплачен	Не получен	30.01.2023	13	169	Установка очистки поверхностных сточных вод в едином корпусе ссорбционным блоком ЛОС-РИО-Ю-СФ, произ	1,000	шт	741 666,67	741 666,67	20%	148 333,33	890 000
31.01.2023 17:24:55	0000-000061	ЗАО "ЧИП И ДИП"	3 840,00	Нет	Не оплачен	Не оплачен	Не получен	31.01.2023	9726039	164,162	HDR-30-24, Источник питания, Блок питания, 24B,1.5A,36Bт\MEAN WELL	3,000	шт	1 066,67	3 200,00	20%	640,00	3 840
31.01.2023 17:24:56	0000-000062	ООО "СИГНУР - ПРИБОРЫ"	83 946,00	Нет	Оплачен полностью	Не оплачен	Не получен	31.01.2023	140	166	Расходомер ЭХО-Р-03-1 с блоком RS-485	1,000	шт	69 955,00	69 955,00	20%	13 991,00	83 946
31.01.2023 17:24:56	0000-000063	ООО "САНТЕХКОМПЛЕКТ"	73 149,12	Нет	Не оплачен	Не оплачен	Не получен	31.01.2023	14349063/SA	140	Задвижка чуг аналог МЗВ Ду150 Ру16 гайка чуг шт ст 30ч39р Китай	3,000	шт	4 481,90	13 445,70	20%	2 689,14	16 134,84
31.01.2023 17:24:56	0000-000063	ООО "САНТЕХКОМПЛЕКТ"	73 149,12	Нет	Не оплачен	Не оплачен	Не получен	31.01.2023	14349063/SA	140	Клапан обр чуг шар Ду150 Ру16 фл шар /NBR Benarmo 11	3,000	шт	15 837,30	47 511,90	20%	9 502,38	57 014,28
31.01.2023 17:24:56	0000-000064	Кузнецова Ольга Сергеевна	45 440,00	Нет	Оплачен полностью	Не оплачен	Не получен	31.01.2023	2444578	166	ТРАНСПОРТНЫЕ УСЛУГИ	1,000		45 440,00	45 440,00	Без НДС		45 440
31.01.2023 17:24:57	0000-000068	Деловые Линии ООО	1 350,00	Нет	Не оплачен	Не оплачен	Не получен	31.01.2023	23-00241047464	145	Въезд на терминал по подразделению Москва	1,000	шт	83,33	83,33	20%	16,67	100
31.01.2023 17:24:57	0000-000068	Деловые Линии ООО	1 350,00	Нет	Не оплачен	Не оплачен	Не получен	31.01.2023	23-00241047464	145	Информирование о статусе и местонахождении груза	1,000	шт	12,50	12,50	20%	2,50	15
31.01.2023 17:24:57	0000-000068	Деловые Линии ООО	1 350,00	Нет	Не оплачен	Не оплачен	Не получен	31.01.2023	23-00241047464	145	Страхование груза и срока	1,000	шт	126,00	126,00	Без НДС		126
31.01.2023 17:24:57	0000-000068	Деловые Линии ООО	1 350,00	Нет	Не оплачен	Не оплачен	Не получен	31.01.2023	23-00241047464	145	Упаковка груза в воздушно-пузырьковую пленку	1,000	шт	158,33	158,33	20%	31,67	190
31.01.2023 17:24:57	0000-000068	Деловые Линии ООО	1 350,00	Нет	Не оплачен	Не оплачен	Не получен	31.01.2023	23-00241047464	145	Услуга по организации доставки (экспедированию) груза из г. Березовский(Сверд.обл.) в г. Екатеринбур	1,000	шт	325,00	325,00	20%	65,00	390
31.01.2023 17:24:57	0000-000068	Деловые Линии ООО	1 350,00	Нет	Не оплачен	Не оплачен	Не получен	31.01.2023	23-00241047464	145	Услуга по организации доставки (экспедированию) груза из г. Екатеринбург в г. Москва (мест: 2; 2 кг;	1,000	шт	440,83	440,83	20%	88,17	529
01.02.2023 12:00:00	0000-000066	ООО "СИЭНПИ РУС"	363 710,28	Нет	Оплачен полностью	Не оплачен	Не получен	01.02.2023	1706	168,169,170	Насос 80WQ45-9-2.2AC(l), 2.2 кВт, 3x380В, с авт. трубной муфтой	6,000	шт	60 618,38	363 710,28	20%	60 618,38	363 710,28
01.02.2023 12:00:01	0000-000067	ЭКС ООО	8 040,00	Нет	Не оплачен	Не оплачен	Не получен	01.02.2023	Р23-3104	162,164	Маркер для кабеля 1.5-2.5мм символ "0" (уп.200шт) DKC MKF0S2	1,000	шт	1 116,67	1 116,67	20%	223,33	1 340
01.02.2023 12:00:01	0000-000067	ЭКС ООО	8 040,00	Нет	Не оплачен	Не оплачен	Не получен	01.02.2023	Р23-3104	162,164	Маркер для кабеля 1.5-2.5мм символ "1" (уп.200шт) DKC MKF1S2	1,000	шт	1 116,67	1 116,67	20%	223,33	1 340
01.02.2023 12:00:01	0000-000067	ЭКС ООО	8 040,00	Нет	Не оплачен	Не оплачен	Не получен	01.02.2023	Р23-3104	162,164	Маркер для кабеля 1.5-2.5мм символ "2" (уп.200шт) DKC MKF2S2	1,000	шт	1 116,67	1 116,67	20%	223,33	1 340
01.02.2023 12:00:01	0000-000067	ЭКС ООО	8 040,00	Нет	Не оплачен	Не оплачен	Не получен	01.02.2023	Р23-3104	162,164	Маркер для кабеля 1.5-2.5мм символ "3" (уп.200шт) DKC MKF3S2	1,000	шт	1 116,67	1 116,67	20%	223,33	1 340
01.02.2023 12:00:01	0000-000067	ЭКС ООО	8 040,00	Нет	Не оплачен	Не оплачен	Не получен	01.02.2023	Р23-3104	162,164	Маркер для кабеля 1.5-2.5мм символ "4" (уп.200шт) DKC MKF4S2	1,000	шт	1 116,67	1 116,67	20%	223,33	1 340
01.02.2023 12:00:01	0000-000067	ЭКС ООО	8 040,00	Нет	Не оплачен	Не оплачен	Не получен	01.02.2023	Р23-3104	162,164	Маркер для кабеля 1.5-2.5мм символ "6" (уп.200шт) DKC MKF6S2	1,000	шт	1 116,67	1 116,67	20%	223,33	1 340
01.02.2023 12:00:02	0000-000075	ООО "ВЕСТПЕРЕЕЗД"	13 500,00	Нет	Оплачен полностью	Не оплачен	Не получен	01.02.2023	64	140	Аренда контейнера 20 фут. за февраль 2023г.	1,000		11 250,00	11 250,00	20%	2 250,00	13 500
02.02.2023 14:25:06	0000-000065	ООО "КОМПАНИЯ ВТС"	347 202,66	Нет	Не оплачен	Не оплачен	Не получен	02.02.2023	3619	168,169,170	Насос WATERSTRY SWQ 30-36 для промышленного применения 380V, 50Hz, 7,5kW	6,000	шт	46 155,07	276 930,43	20%	55 386,09	332 316,52
02.02.2023 14:25:06	0000-000065	ООО "КОМПАНИЯ ВТС"	347 202,66	Нет	Не оплачен	Не оплачен	Не получен	02.02.2023	3619	168,169,170	Поплавковый выключатель TAURUS с неопрен, кабелем 10 м Н05 3X1 двойн. действ. (Ø 7.5mm)	6,000	шт	2 067,52	12 405,12	20%	2 481,02	14 886,14
02.02.2023 14:39:52	0000-000069	ООО "ПРОПИТАЙ"	71 560,00	Нет	Не оплачен	Не оплачен	Не получен	02.02.2023	п-0115	164	PolyTay ЗОЗТАЕ полиэфирная смола общего назначения (5 кг.)	10,000	шт	2 325,00	23 250,00	20%	4 650,00	27 900	Удален
02.02.2023 14:39:52	0000-000069	ООО "ПРОПИТАЙ"	71 560,00	Нет	Не оплачен	Не оплачен	Не получен	02.02.2023	п-0115	164	Отвердитель Бутанокс М50 - 1 кг	20,000	шт	1 658,33	33 166,67	20%	6 633,33	39 800	Удален
02.02.2023 14:39:52	0000-000069	ООО "ПРОПИТАЙ"	71 560,00	Нет	Не оплачен	Не оплачен	Не получен	02.02.2023	п-0115	164	Ровинговая стеклоткань ТР-0,3 (5 м.пог.)	2,000	шт	566,67	1 133,33	20%	226,67	1 360	Удален
02.02.2023 14:39:52	0000-000069	ООО "ПРОПИТАЙ"	71 560,00	Нет	Не оплачен	Не оплачен	Не получен	02.02.2023	п-0115	164	Ровинговая стеклоткань ТР-0,7 (5 м.пог.)	2,000	шт	1 041,67	2 083,33	20%	416,67	2 500	Удален
02.02.2023 15:09:34	0000-000070	ООО "ВОДНАЯ ТЕХНИКА"	60 032,27	Нет	Не оплачен	Не оплачен	Не получен	02.02.2023	2976	168,169,170	Быстроразьемная трубная муфта AC DN 65 2 1/2"	6,000	шт	8 337,82	50 026,89	20%	10 005,38	60 032,27
02.02.2023 15:32:21	0000-000071	ООО "ПРОПИТАЙ"	34 920,00	Нет	Не оплачен	Не оплачен	Не получен	02.02.2023	п-0115	164	PolyTay ЗОЗТАЕ полиэфирная смола общего назначения (5 кг.)	4,000	шт	2 325,00	9 300,00	20%	1 860,00	11 160	Удален
02.02.2023 15:32:21	0000-000071	ООО "ПРОПИТАЙ"	34 920,00	Нет	Не оплачен	Не оплачен	Не получен	02.02.2023	п-0115	164	Отвердитель Бутанокс М50 - 1 кг	10,000	шт	1 658,33	16 583,33	20%	3 316,67	19 900	Удален
02.02.2023 15:32:21	0000-000071	ООО "ПРОПИТАЙ"	34 920,00	Нет	Не оплачен	Не оплачен	Не получен	02.02.2023	п-0115	164	Ровинговая стеклоткань ТР-0,3 (5 м.пог.)	2,000	шт	566,67	1 133,33	20%	226,67	1 360	Удален
02.02.2023 15:32:21	0000-000071	ООО "ПРОПИТАЙ"	34 920,00	Нет	Не оплачен	Не оплачен	Не получен	02.02.2023	п-0115	164	Ровинговая стеклоткань ТР-0,7 (5 м.пог.)	2,000	шт	1 041,67	2 083,33	20%	416,67	2 500	Удален
02.02.2023 16:19:18	0000-000072	ООО "ПРОПИТАЙ"	16 770,00	Нет	Не оплачен	Не оплачен	Не получен	02.02.2023	п-0115	164	PolyTay 303TAE полиэфирная смола общего назначения (5 кг.)	4,000	шт	2 325,00	9 300,00	20%	1 860,00	11 160
02.02.2023 16:19:18	0000-000072	ООО "ПРОПИТАЙ"	16 770,00	Нет	Не оплачен	Не оплачен	Не получен	02.02.2023	п-0115	164	Отвердитель Бутанокс М50 (0,1 кг)	5,000	шт	291,67	1 458,33	20%	291,67	1 750
02.02.2023 16:19:18	0000-000072	ООО "ПРОПИТАЙ"	16 770,00	Нет	Не оплачен	Не оплачен	Не получен	02.02.2023	п-0115	164	Ровинговая стеклоткань ТР-0,3 (5 м.пог.)	2,000	шт	566,67	1 133,33	20%	226,67	1 360
02.02.2023 16:19:18	0000-000072	ООО "ПРОПИТАЙ"	16 770,00	Нет	Не оплачен	Не оплачен	Не получен	02.02.2023	п-0115	164	Ровинговая стеклоткань ТР-0,7 (5 м.пог.)	2,000	шт	1 041,67	2 083,33	20%	416,67	2 500
02.02.2023 17:55:08	0000-000073	ООО "БИОПРОЕКТ"	16 150 000,00	Нет	Оплачен частично	Не оплачен	Не получен	02.02.2023	ЦБ-26	168	Колодец гаситель напора БиоПроект-КГН	1,000		300 000,00	250 000,00	20%	50 000,00	300 000
02.02.2023 17:55:08	0000-000073	ООО "БИОПРОЕКТ"	16 150 000,00	Нет	Оплачен частично	Не оплачен	Не получен	02.02.2023	ЦБ-26	168	Комплексная система очистки БиоПроект-КСОЮ	1,000		650 000,00	541 666,67	20%	108 333,33	650 000
02.02.2023 17:55:08	0000-000073	ООО "БИОПРОЕКТ"	16 150 000,00	Нет	Оплачен частично	Не оплачен	Не получен	02.02.2023	ЦБ-26	168	Комплектная насосная станция БиоПроект-КНС	1,000		1 192 000,00	993 333,33	20%	198 666,67	1 192 000
02.02.2023 17:55:08	0000-000073	ООО "БИОПРОЕКТ"	16 150 000,00	Нет	Оплачен частично	Не оплачен	Не получен	02.02.2023	ЦБ-26	168	Комплектная насосная станция БиоПроект-КНС	1,000		1 630 000,00	1 358 333,33	20%	271 666,67	1 630 000
02.02.2023 17:55:08	0000-000073	ООО "БИОПРОЕКТ"	16 150 000,00	Нет	Оплачен частично	Не оплачен	Не получен	02.02.2023	ЦБ-26	168	Накопительный резервуар БиоПроект-НР90	6,000		1 821 000,00	9 105 000,00	20%	1 821 000,00	10 926 000
02.02.2023 17:55:08	0000-000073	ООО "БИОПРОЕКТ"	16 150 000,00	Нет	Оплачен частично	Не оплачен	Не получен	02.02.2023	ЦБ-26	168	Распределительный колодец БиоПроект-РК	1,000		280 000,00	233 333,33	20%	46 666,67	280 000
02.02.2023 17:55:08	0000-000073	ООО "БИОПРОЕКТ"	16 150 000,00	Нет	Оплачен частично	Не оплачен	Не получен	02.02.2023	ЦБ-26	168	Установка УФ-обеззараживания БиоПроект-УФ10	1,000		1 172 000,00	976 666,67	20%	195 333,33	1 172 000
03.02.2023 12:00:00	0000-000077	Деловые Линии ООО	1 350,00	Нет	Не оплачен	Не оплачен	Не получен	03.02.2023	23-00241047464	166,167,168	Въезд на терминал по подразделению Москва	1,000	шт	83,33	83,33	20%	16,67	100
03.02.2023 12:00:00	0000-000077	Деловые Линии ООО	1 350,00	Нет	Не оплачен	Не оплачен	Не получен	03.02.2023	23-00241047464	166,167,168	Информирование о статусе и местонахождении груза	1,000	шт	12,50	12,50	20%	2,50	15
03.02.2023 12:00:00	0000-000077	Деловые Линии ООО	1 350,00	Нет	Не оплачен	Не оплачен	Не получен	03.02.2023	23-00241047464	166,167,168	Страхование груза и срока	1,000	шт	126,00	126,00	0%		126
03.02.2023 12:00:00	0000-000077	Деловые Линии ООО	1 350,00	Нет	Не оплачен	Не оплачен	Не получен	03.02.2023	23-00241047464	166,167,168	Упаковка груза в воздушно-пузырьковую пленку	1,000	шт	158,33	158,33	20%	31,67	190
03.02.2023 12:00:00	0000-000077	Деловые Линии ООО	1 350,00	Нет	Не оплачен	Не оплачен	Не получен	03.02.2023	23-00241047464	166,167,168	Услуга по организации доставки (экспедированию) груза из г. Березовский(Сверд.обл.) в г. Екатеринбур	1,000	шт	325,00	325,00	20%	65,00	390
03.02.2023 12:00:00	0000-000077	Деловые Линии ООО	1 350,00	Нет	Не оплачен	Не оплачен	Не получен	03.02.2023	23-00241047464	166,167,168	Услуга по организации доставки (экспедированию) груза из г. Екатеринбург в г. Москва (мест: 2; 2 кг;	1,000	шт	440,83	440,83	20%	88,17	529
03.02.2023 12:00:01	0000-000124	ООО "ИНТЕГРА-ТЕХКОМ"	45 450,00	Нет	Не оплачен	Не оплачен	Не получен	03.02.2023	27	157,163,167	КЭШУ2.00.000-00	1,000	шт	9 333,33	9 333,33	20%	1 866,67	11 200
03.02.2023 12:00:01	0000-000124	ООО "ИНТЕГРА-ТЕХКОМ"	45 450,00	Нет	Не оплачен	Не оплачен	Не получен	03.02.2023	27	157,163,167	Штанга мешалки Б5.06.000СБ	5,000	шт	5 708,33	28 541,67	20%	5 708,33	34 250
06.02.2023 18:08:14	0000-000078	ООО "СМТ ГРУПП"	155 000,00	Нет	Не оплачен	Не оплачен	Не получен	06.02.2023	02/06-04	162	Транспортные услуги по организации перевозки груза , маршрут МО Нахабино-Екатеринбург,загрузка 03.02	1,000	шт	129 166,67	129 166,67	20%	25 833,33	155 000
06.02.2023 18:08:14	0000-000079	ООО "СМТ ГРУПП"	65 000,00	Нет	Не оплачен	Не оплачен	Не получен	06.02.2023	02/06-03	162	Транспортные услуги по организации перевозки груза , маршрут МО Нахабино-Екатеринбург,загрузка 03.02	1,000	шт	54 166,67	54 166,67	20%	10 833,33	65 000
06.02.2023 18:08:14	0000-000080	ЛЕРУА МЕРЛЕН ВОСТОК ООО	30 000,00	Нет	Не оплачен	Не оплачен	Не получен	06.02.2023	46	Стройматериалы	Оплата по договору клиентского счета № 000- 099772	1,000	шт	25 000,00	25 000,00	20%	5 000,00	30 000
06.02.2023 18:08:15	0000-000084	Деловые Линии ООО	1 517,00	Нет	Не оплачен	Не оплачен	Не получен	06.02.2023	23-00081125360	166	Въезд на терминал по подразделению Москва	20,000	шт	4,17	83,33	20%	16,67	100
06.02.2023 18:08:15	0000-000084	Деловые Линии ООО	1 517,00	Нет	Не оплачен	Не оплачен	Не получен	06.02.2023	23-00081125360	166	Въезд на терминал по подразделению Тольятти	20,000	шт	1,25	25,00	20%	5,00	30
06.02.2023 18:08:15	0000-000084	Деловые Линии ООО	1 517,00	Нет	Не оплачен	Не оплачен	Не получен	06.02.2023	23-00081125360	166	Информирование о статусе и местонахождении груза	20,000	шт	0,63	12,50	20%	2,50	15
06.02.2023 18:08:15	0000-000084	Деловые Линии ООО	1 517,00	Нет	Не оплачен	Не оплачен	Не получен	06.02.2023	23-00081125360	166	Страхование груза и срока	1,000	шт	250,00	250,00	Без НДС		250
06.02.2023 18:08:15	0000-000084	Деловые Линии ООО	1 517,00	Нет	Не оплачен	Не оплачен	Не получен	06.02.2023	23-00081125360	166	Услуга по организации доставки (экспедированию) груза из г. Москва в г. Тольятти (мест: 1; 76 кг; 0,	20,000	шт	46,75	935,00	20%	187,00	1 122
06.02.2023 18:08:16	0000-000085	Деловые Линии ООО	7 989,00	Нет	Не оплачен	Не оплачен	Не получен	06.02.2023	23-01321009005	144,145,130	Въезд на терминал по подразделению Челябинск	1,000	шт	25,00	25,00	20%	5,00	30
06.02.2023 18:08:16	0000-000085	Деловые Линии ООО	7 989,00	Нет	Не оплачен	Не оплачен	Не получен	06.02.2023	23-01321009005	144,145,130	Информирование о статусе и местонахождении груза	1,000	шт	12,50	12,50	20%	2,50	15
06.02.2023 18:08:16	0000-000085	Деловые Линии ООО	7 989,00	Нет	Не оплачен	Не оплачен	Не получен	06.02.2023	23-01321009005	144,145,130	Страхование груза и срока	1,000	шт	740,00	740,00	Без НДС		740
06.02.2023 18:08:16	0000-000085	Деловые Линии ООО	7 989,00	Нет	Не оплачен	Не оплачен	Не получен	06.02.2023	23-01321009005	144,145,130	Услуга по организации доставки (экспедированию) груза из г. Челябинск в г. Москва (мест: 9; 466 кг;	1,000	шт	4 361,67	4 361,67	20%	872,33	5 234
06.02.2023 18:08:16	0000-000085	Деловые Линии ООО	7 989,00	Нет	Не оплачен	Не оплачен	Не получен	06.02.2023	23-01321009005	144,145,130	Услуга по организации доставки (экспедированию) груза по г. Москва	1,000	шт	1 641,67	1 641,67	20%	328,33	1 970
06.02.2023 18:08:17	0000-000086	Деловые Линии ООО	271,00	Нет	Не оплачен	Не оплачен	Не получен	06.02.2023	23-01325001467	144,145,130	Страхование груза и срока	1,000	шт	22,00	22,00	Без НДС		22
06.02.2023 18:08:17	0000-000086	Деловые Линии ООО	271,00	Нет	Не оплачен	Не оплачен	Не получен	06.02.2023	23-01325001467	144,145,130	Услуга по организации доставки (экспедированию) груза (документов) из г. Челябинск в г. Москва (мест	1,000	шт	207,50	207,50	20%	41,50	249
07.02.2023 15:10:39	0000-000081	ЭКС ООО	4 315,68	Нет	Не оплачен	Не оплачен	Не получен	07.02.2023	Р23-3790	164,162	Термостат NC (обогрев) на DIN-рейку 10А 230В IP20 PROxima - TNC10M	6,000	шт	299,70	1 798,20	20%	359,64	2 157,84
07.02.2023 15:10:39	0000-000081	ЭКС ООО	4 315,68	Нет	Не оплачен	Не оплачен	Не получен	07.02.2023	Р23-3790	164,162	Термостат NO (охлаждение) на DIN-рейку 10А 230В IP20 PROxima - TNO10M	6,000	шт	299,70	1 798,20	20%	359,64	2 157,84
07.02.2023 15:10:40	0000-000082	ООО "АЕТЕК"	9 600,00	Нет	Не оплачен	Не оплачен	Не получен	07.02.2023	24	164,162	МВ 24/32 Мембранная панель (Серый)	10,000	шт	800,00	8 000,00	20%	1 600,00	9 600
07.02.2023 15:10:40	0000-000083	ООО "ВСЕИНСТРУМЕНТЫ.РУ"	5 295,00	Нет	Оплачен полностью	Не оплачен	Не получен	07.02.2023	2302-100105-48823	164	EURO-LIFT Таль ручная шестеренная стационарная ТВ -1.0 тн, 6.0 м ТРШ 1/6	1,000	шт	4 412,50	4 412,50	20%	882,50	5 295
07.02.2023 18:25:56	0000-000087	ООО "РТ ЭЛЕКТРО"	38 586,60	Нет	Оплачен полностью	Не оплачен	Не получен	07.02.2023	ЦБ-697	164,165	MRK 2,5С; Клеммник 2-х ярусный, 2,5мм.кв. (серый) (1612)	100,000	шт	84,15	7 012,50	20%	1 402,50	8 415
07.02.2023 18:25:56	0000-000087	ООО "РТ ЭЛЕКТРО"	38 586,60	Нет	Оплачен полностью	Не оплачен	Не получен	07.02.2023	ЦБ-697	164,165	MRK 4 С; Клеммник 2-х ярусный 4мм.кв. (серый) (1652)	50,000	шт	87,98	3 665,62	20%	733,13	4 398,75
07.02.2023 18:25:56	0000-000087	ООО "РТ ЭЛЕКТРО"	38 586,60	Нет	Оплачен полностью	Не оплачен	Не получен	07.02.2023	ЦБ-697	164,165	MRK-AP 2,5-10; Разделитель клеммных групп для MRK (2,5-10) (серый)(0582)	50,000	шт	19,13	796,87	20%	159,38	956,25
07.02.2023 18:25:56	0000-000087	ООО "РТ ЭЛЕКТРО"	38 586,60	Нет	Оплачен полностью	Не оплачен	Не получен	07.02.2023	ЦБ-697	164,165	PLMC35; Сальник для ввода кабеля IP 65. (резиновый)	10,000	шт	2 295,00	19 125,00	20%	3 825,00	22 950
07.02.2023 18:25:56	0000-000087	ООО "РТ ЭЛЕКТРО"	38 586,60	Нет	Оплачен полностью	Не оплачен	Не получен	07.02.2023	ЦБ-697	164,165	РОК 2324; Самоклеющийся Кабель-канал перф., 23x24 (ШхВ) длина 50 см.	5,000	шт	373,32	1 555,50	20%	311,10	1 866,6
07.02.2023 18:28:34	0000-000089	ЭКС ООО	18 078,80	Нет	Не оплачен	Не оплачен	Не получен	07.02.2023	Р23-3825	164.165	Обогреватель для установки на DIN -рейку 230В 100Вт | SQ0832-0006 | TDM	6,000	шт	1 299,58	7 797,50	20%	1 559,50	9 357
07.02.2023 18:28:34	0000-000089	ЭКС ООО	18 078,80	Нет	Не оплачен	Не оплачен	Не получен	07.02.2023	Р23-3825	164.165	Обогреватель на DIN -рейку 150Вт IP20 IEK YCE-HG-1 50-20	4,000	шт	1 817,04	7 268,17	20%	1 453,63	8 721,8
08.02.2023 14:07:14	0000-000090	ООО "БИОПРОЕКТ"	26 450 000,00	Нет	Не оплачен	Не оплачен	Не получен	08.02.2023	ЦБ- 30	171	Комплексная система очистки БиоПроект-КС0110 Корпус из стеклопластика D=3600 мм 1_=13400мм Техническ	2,000	шт	4 125 000,00	8 250 000,00	20%	1 650 000,00	9 900 000	Удален
08.02.2023 14:07:14	0000-000090	ООО "БИОПРОЕКТ"	26 450 000,00	Нет	Не оплачен	Не оплачен	Не получен	08.02.2023	ЦБ- 30	171	Накопительный резервуар БиоПроект-НР150 Корпус из стеклопластика 0=3600 мм 1_=15000мм, усиленный Вен	2,000	шт	2 166 666,67	4 333 333,33	20%	866 666,67	5 200 000	Удален
08.02.2023 14:07:14	0000-000090	ООО "БИОПРОЕКТ"	26 450 000,00	Нет	Не оплачен	Не оплачен	Не получен	08.02.2023	ЦБ- 30	171	Накопительный резервуар БиоПроект-НР150 с обв. Оп80 Корпус из стеклопластика О 3600 мм 1_=15000мм, у	1,000	шт	2 558 333,33	2 558 333,33	20%	511 666,67	3 070 000	Удален
08.02.2023 14:07:14	0000-000090	ООО "БИОПРОЕКТ"	26 450 000,00	Нет	Не оплачен	Не оплачен	Не получен	08.02.2023	ЦБ- 30	171	Распределительный колодец БиоПроект-РК Корпус из стеклопластика D=1800 мм Н (подз)=3800мм Лестница и	1,000	шт	400 000,00	400 000,00	20%	80 000,00	480 000	Удален
08.02.2023 14:07:14	0000-000090	ООО "БИОПРОЕКТ"	26 450 000,00	Нет	Не оплачен	Не оплачен	Не получен	08.02.2023	ЦБ- 30	171	Установка УФ-обеззараживания БиоПроект-УФ400 Корпус из стеклопластика 0=2400мм, Н (подз.)=5040мм. Ле	2,000	шт	3 250 000,00	6 500 000,00	20%	1 300 000,00	7 800 000	Удален
08.02.2023 14:07:15	0000-000091	Деловые Линии ООО	390,00	Нет	Не оплачен	Не оплачен	Не получен	08.02.2023	23-00241047464/1	166	Услуга по организации доставки (экспедированию) груза по г. Москва	1,000	шт	325,00	325,00	20%	65,00	390
08.02.2023 14:52:12	0000-000092	ООО "ФАВОРИТ-ЭЛЕКТРО"	28 562,62	Нет	Оплачен полностью	Не оплачен	Не получен	08.02.2023	8150	168,169,170,171	Вентилятор 55/43 м3/час 230В 20Вт IP54 TDM	6,000	шт	1 504,14	9 024,85	20%	1 804,97	10 829,82
08.02.2023 14:52:12	0000-000092	ООО "ФАВОРИТ-ЭЛЕКТРО"	28 562,62	Нет	Оплачен полностью	Не оплачен	Не получен	08.02.2023	8150	168,169,170,171	Вентилятор с фильтром 19 м³/ч 92x92 мм IP54 EKF PRОxima	4,000	шт	1 520,08	6 080,33	20%	1 216,07	7 296,4
08.02.2023 14:52:12	0000-000092	ООО "ФАВОРИТ-ЭЛЕКТРО"	28 562,62	Нет	Оплачен полностью	Не оплачен	Не получен	08.02.2023	8150	168,169,170,171	Вентиляционная решетка с фильтром 124x124 мм IP54 EKF PROxima	8,000	шт	537,48	4 299,87	20%	859,97	5 159,84
08.02.2023 14:52:12	0000-000092	ООО "ФАВОРИТ-ЭЛЕКТРО"	28 562,62	Нет	Оплачен полностью	Не оплачен	Не получен	08.02.2023	8150	168,169,170,171	Вентиляционная решетка с фильтром 92x92 мм IP54 EKF PROxima	8,000	шт	549,64	4 397,13	20%	879,43	5 276,56
08.02.2023 15:15:26	0000-000093	ООО "КОМПАНИЯ ВТС"	113 296,72	Нет	Не оплачен	Не оплачен	Не получен	08.02.2023	4163	171	Быстроразьемная трубная муфта AC DN 50 2" (совместимость SEG 40)	2,000	шт	5 855,21	11 710,42	20%	2 342,08	14 052,5	Удален
08.02.2023 15:15:26	0000-000093	ООО "КОМПАНИЯ ВТС"	113 296,72	Нет	Не оплачен	Не оплачен	Не получен	08.02.2023	4163	171	Насос WATERSTRY SWQ 15-40 для промышленного применения 380V, 50Hz, 5,5kW	2,000	шт	36 182,96	72 365,92	20%	14 473,18	86 839,1	Удален
08.02.2023 15:15:26	0000-000093	ООО "КОМПАНИЯ ВТС"	113 296,72	Нет	Не оплачен	Не оплачен	Не получен	08.02.2023	4163	171	Поплавковый выключатель TAURUS с неопрен, кабелем 10 м Н05 3X1 двойн. действ. ( Ø 7.5mm)	5,000	шт	2 067,52	10 337,60	20%	2 067,52	12 405,12	Удален
08.02.2023 15:36:45	0000-000094	ООО "ВОДНАЯ ТЕХНИКА"	107 480,00	Нет	Не оплачен	Не оплачен	Не получен	08.02.2023	3637	171	Насос Wilо REXA CUT GI03.26/S-M15-2-523/P	1,000	шт	89 566,67	89 566,67	20%	17 913,33	107 480	Удален
08.02.2023 17:21:23	0000-000095	ООО "НОВАТЕХ"	19 500,00	Нет	Не оплачен	Не оплачен	Не получен	08.02.2023	156	160	Насос Pedrollo PQm 81- PRO	1,000	шт	16 250,00	16 250,00	20%	3 250,00	19 500	Удален
08.02.2023 19:02:44	0000-000096	Деловые Линии ООО	850,00	Нет	Не оплачен	Не оплачен	Не получен	08.02.2023	23-00081134554	166	Въезд на терминал по подразделению Москва	1,000	шт	83,33	83,33	20%	16,67	100
08.02.2023 19:02:44	0000-000096	Деловые Линии ООО	850,00	Нет	Не оплачен	Не оплачен	Не получен	08.02.2023	23-00081134554	166	Информирование о статусе и местонахождении груза	1,000	шт	12,50	12,50	20%	2,50	15
08.02.2023 19:02:44	0000-000096	Деловые Линии ООО	850,00	Нет	Не оплачен	Не оплачен	Не получен	08.02.2023	23-00081134554	166	Страхование груза и срока	1,000	шт	102,00	102,00	Без НДС		102
08.02.2023 19:02:44	0000-000096	Деловые Линии ООО	850,00	Нет	Не оплачен	Не оплачен	Не получен	08.02.2023	23-00081134554	166	Услуга по организации доставки (экспедированию) груза из г. Москва в г. Ейск (мест: 1; 7 кг; 0,1 м3)	1,000	шт	527,50	527,50	20%	105,50	633
08.02.2023 19:02:44	0000-000097	ООО "ВСЕИНСТРУМЕНТЫ.РУ"	351 048,00	Нет	Не оплачен	Не оплачен	Не получен	08.02.2023	2302-100107-31415	168,169,170,171	ПРОСВАР аппарат для стыковой сварки ПНД труб с315	1,000	шт	221 619,17	221 619,17	20%	44 323,83	265 943	Удален
08.02.2023 19:02:44	0000-000097	ООО "ВСЕИНСТРУМЕНТЫ.РУ"	351 048,00	Нет	Не оплачен	Не оплачен	Не получен	08.02.2023	2302-100107-31415	168,169,170,171	ПРОСВАР аппарат для электромуфтовой сварки ПНД труб электро 315 электро315	1,000	шт	70 920,83	70 920,83	20%	14 184,17	85 105	Удален
08.02.2023 19:02:57	0000-000099	Деловые Линии ООО	7 989,00	Нет	Не оплачен	Не оплачен	Не получен	08.02.2023	23-01321009005	166	Въезд на терминал по подразделению Челябинск	1,000	шт	25,00	25,00	20%	5,00	30
08.02.2023 19:02:57	0000-000099	Деловые Линии ООО	7 989,00	Нет	Не оплачен	Не оплачен	Не получен	08.02.2023	23-01321009005	166	Информирование о статусе и местонахождении груза	1,000	шт	12,50	12,50	20%	2,50	15
08.02.2023 19:02:57	0000-000099	Деловые Линии ООО	7 989,00	Нет	Не оплачен	Не оплачен	Не получен	08.02.2023	23-01321009005	166	Страхование груза и срока	1,000	шт	740,00	740,00	Без НДС		740
08.02.2023 19:02:57	0000-000099	Деловые Линии ООО	7 989,00	Нет	Не оплачен	Не оплачен	Не получен	08.02.2023	23-01321009005	166	Услуга по организации доставки (экспедированию) груза из г. Челябинск в г. Москва (мест: 9; 466 кг;	1,000	шт	4 361,67	4 361,67	20%	872,33	5 234
08.02.2023 19:02:57	0000-000099	Деловые Линии ООО	7 989,00	Нет	Не оплачен	Не оплачен	Не получен	08.02.2023	23-01321009005	166	Услуга по организации доставки (экспедированию) груза по г. Москва	1,000	шт	1 641,67	1 641,67	20%	328,33	1 970
08.02.2023 19:02:58	0000-000100	Деловые Линии ООО	271,00	Нет	Не оплачен	Не оплачен	Не получен	08.02.2023	23-01325001467	164	Страхование груза и срока	1,000	шт	22,00	22,00	Без НДС		22
08.02.2023 19:02:58	0000-000100	Деловые Линии ООО	271,00	Нет	Не оплачен	Не оплачен	Не получен	08.02.2023	23-01325001467	164	Услуга по организации доставки (экспедированию) груза (документов) из г. Челябинск в г. Москва (мест	1,000	шт	207,50	207,50	20%	41,50	249
08.02.2023 19:02:59	0000-000101	Деловые Линии ООО	1 517,00	Нет	Не оплачен	Не оплачен	Не получен	08.02.2023	23-00081125360	166	Въезд на терминал по подразделению Москва	1,000	шт	83,33	83,33	20%	16,67	100
08.02.2023 19:02:59	0000-000101	Деловые Линии ООО	1 517,00	Нет	Не оплачен	Не оплачен	Не получен	08.02.2023	23-00081125360	166	Въезд на терминал по подразделению Тольятти	1,000	шт	25,00	25,00	20%	5,00	30
08.02.2023 19:02:59	0000-000101	Деловые Линии ООО	1 517,00	Нет	Не оплачен	Не оплачен	Не получен	08.02.2023	23-00081125360	166	Информирование о статусе и местонахождении груза	1,000	шт	12,50	12,50	20%	2,50	15
08.02.2023 19:02:59	0000-000101	Деловые Линии ООО	1 517,00	Нет	Не оплачен	Не оплачен	Не получен	08.02.2023	23-00081125360	166	Страхование груза и срока	1,000	шт	250,00	250,00	Без НДС		250
08.02.2023 19:02:59	0000-000101	Деловые Линии ООО	1 517,00	Нет	Не оплачен	Не оплачен	Не получен	08.02.2023	23-00081125360	166	Услуга по организации доставки (экспедированию) груза из г. Москва в г. Тольятти (мест: 1; 76 кг; 0,	1,000	шт	935,00	935,00	20%	187,00	1 122
08.02.2023 19:03:00	0000-000117	Деловые Линии ООО	950,00	Нет	Не оплачен	Не оплачен	Не получен	08.02.2023	23-00081134554/1	164,166	Въезд на терминал по подразделению Москва	1,000	шт	83,33	83,33	20%	16,67	100
08.02.2023 19:03:00	0000-000117	Деловые Линии ООО	950,00	Нет	Не оплачен	Не оплачен	Не получен	08.02.2023	23-00081134554/1	164,166	Информирование о статусе и местонахождении груза	1,000	шт	95,83	95,83	20%	19,17	115
08.02.2023 19:03:00	0000-000117	Деловые Линии ООО	950,00	Нет	Не оплачен	Не оплачен	Не получен	08.02.2023	23-00081134554/1	164,166	Страхование груза и срока	1,000	шт	102,00	102,00	Без НДС		102
08.02.2023 19:03:00	0000-000117	Деловые Линии ООО	950,00	Нет	Не оплачен	Не оплачен	Не получен	08.02.2023	23-00081134554/1	164,166	Услуга по организации доставки (экспедированию) груза из г. Москва в г. Ейск (мест: 1; 7 кг; 0,1 м3)	1,000	шт	527,50	527,50	20%	105,50	633
08.02.2023 19:03:01	0000-000123	ООО "ВОДНАЯ ТЕХНИКА"	107 480,00	Нет	Не оплачен	Не оплачен	Не получен	08.02.2023	3637	171	Насос Wilо REXA CUT GI03.26/S-M15-2-523/P	1,000	шт	89 566,67	89 566,67	20%	17 913,33	107 480
08.02.2023 19:03:02	0000-000136	ООО "ВСЕИНСТРУМЕНТЫ.РУ"	374 429,00	Нет	Оплачен полностью	Не оплачен	Не получен	08.02.2023	2302-100107-31415	168.169,170,171	ПРОСВАР аппарат для стыковой сварки ПНД труб с315	1,000	шт	221 623,33	221 623,33	20%	44 324,67	265 948
08.02.2023 19:03:02	0000-000136	ООО "ВСЕИНСТРУМЕНТЫ.РУ"	374 429,00	Нет	Оплачен полностью	Не оплачен	Не получен	08.02.2023	2302-100107-31415	168.169,170,171	ПРОСВАР аппарат для электромуфтовой сварки ПНД труб электро 630 электро630	1,000	шт	90 400,83	90 400,83	20%	18 080,17	108 481
08.02.2023 19:03:03	0000-000198	ООО "НОВАТЕХ"	13 900,00	Нет	Не оплачен	Не оплачен	Не получен	08.02.2023	156	150	Насос Pedrollo PQm 80	1,000	шт	11 583,33	11 583,33	20%	2 316,67	13 900
09.02.2023 13:01:25	0000-000102	Деловые Линии ООО	824,00	Нет	Не оплачен	Не оплачен	Не получен	09.02.2023	23-03601006132	45	Информирование о статусе и местонахождении груза	1,000	шт	12,50	12,50	20%	2,50	15
09.02.2023 13:01:25	0000-000102	Деловые Линии ООО	824,00	Нет	Не оплачен	Не оплачен	Не получен	09.02.2023	23-03601006132	45	Страхование груза и срока	1,000	шт	109,00	109,00	0%		109
09.02.2023 13:01:25	0000-000102	Деловые Линии ООО	824,00	Нет	Не оплачен	Не оплачен	Не получен	09.02.2023	23-03601006132	45	Услуга по организации доставки (экспедированию) груза из г. Москва в г. Пушкин (мест: 1; 19 кг; 0,1	1,000	усл. м	583,33	583,33	20%	116,67	700
09.02.2023 13:01:26	0000-000120	ООО "СК СТРОЙГРУПП"	422 774,00	Нет	Не оплачен	Не оплачен	Не получен	09.02.2023	597	168,169,170	Втулка под фланец 0063 мм ПЭ100 SDR11	4,000	шт	125,00	500,00	20%	100,00	600
09.02.2023 13:01:26	0000-000120	ООО "СК СТРОЙГРУПП"	422 774,00	Нет	Не оплачен	Не оплачен	Не получен	09.02.2023	597	168,169,170	Втулка под фланец 0090 мм ПЭ100 SDR11	2,000	шт	300,00	600,00	20%	120,00	720
09.02.2023 13:01:26	0000-000120	ООО "СК СТРОЙГРУПП"	422 774,00	Нет	Не оплачен	Не оплачен	Не получен	09.02.2023	597	168,169,170	Муфта 0200 мм ПЭ100 SDR11 эл/св ES	42,000	шт	2 158,33	90 650,00	20%	18 130,00	108 780
09.02.2023 13:01:26	0000-000120	ООО "СК СТРОЙГРУПП"	422 774,00	Нет	Не оплачен	Не оплачен	Не получен	09.02.2023	597	168,169,170	Муфта 0400 мм ПЭ100 SDR11 эл/св ES	4,000	шт	13 500,00	54 000,00	20%	10 800,00	64 800
09.02.2023 13:01:26	0000-000120	ООО "СК СТРОЙГРУПП"	422 774,00	Нет	Не оплачен	Не оплачен	Не получен	09.02.2023	597	168,169,170	Отвод 45 гр. 0200 мм ПЭ100 SDR11 эл/св ES	3,000	шт	8 401,67	25 205,00	20%	5 041,00	30 246
09.02.2023 13:01:26	0000-000120	ООО "СК СТРОЙГРУПП"	422 774,00	Нет	Не оплачен	Не оплачен	Не получен	09.02.2023	597	168,169,170	Труба ПЭ 100 SDR 11 - 063*5,8 ГОСТ 18599-2001 Питьевая (100м)	12,000	м	131,67	1 580,00	20%	316,00	1 896
09.02.2023 13:01:26	0000-000120	ООО "СК СТРОЙГРУПП"	422 774,00	Нет	Не оплачен	Не оплачен	Не получен	09.02.2023	597	168,169,170	Труба ПЭ 100 SDR 11 - 090*8,2 ГОСТ 18599-2001 Питьевая	12,000	м	265,00	3 180,00	20%	636,00	3 816
09.02.2023 13:01:26	0000-000120	ООО "СК СТРОЙГРУПП"	422 774,00	Нет	Не оплачен	Не оплачен	Не получен	09.02.2023	597	168,169,170	Труба ПЭ 100 SDR 11 - 200*18,2 ГОСТ 18599-2001 Питьевая	84,000	м	1 316,67	110 600,00	20%	22 120,00	132 720
09.02.2023 13:01:26	0000-000120	ООО "СК СТРОЙГРУПП"	422 774,00	Нет	Не оплачен	Не оплачен	Не получен	09.02.2023	597	168,169,170	Труба ПЭ 100 SDR 11 - 400*36,3 ГОСТ 18599-2001 Питьевая	12,000	м	5 244,17	62 930,00	20%	12 586,00	75 516
09.02.2023 13:01:26	0000-000120	ООО "СК СТРОЙГРУПП"	422 774,00	Нет	Не оплачен	Не оплачен	Не получен	09.02.2023	597	168,169,170	Фланец d 050 мм, расточенный под ПЭ втулку d 063 мм. PN16	4,000	шт	433,33	1 733,33	20%	346,67	2 080
09.02.2023 13:01:26	0000-000120	ООО "СК СТРОЙГРУПП"	422 774,00	Нет	Не оплачен	Не оплачен	Не получен	09.02.2023	597	168,169,170	Фланец d 080 мм, расточенный под ПЭ втулку d 090 мм. PN16	2,000	шт	666,67	1 333,33	20%	266,67	1 600
10.02.2023 16:29:33	0000-000103	ООО "СИСТЕМЫ И ТЕХНОЛОГИИ"	50 365,00	Нет	Не оплачен	Не оплачен	Не получен	10.02.2023	483	162,164	Преобразователь частоты Z152T4NK-150%; 1 ,5kW; 380V	5,000	шт	8 394,17	41 970,83	20%	8 394,17	50 365
10.02.2023 16:29:34	0000-000104	ООО "ВЗЛЕТ-МСК"	2 880,00	Нет	Не оплачен	Не оплачен	Не получен	10.02.2023	530	159	Диагностика ЭРСВ 541 ЛАВ ДУ-65 №2115485, №2120948.	2,000		1 200,00	2 400,00	20%	480,00	2 880
